Atividade,CBO,DIT,LOC,Maturidade,Nome,Popularidade,Url,WMC
0,,,,3.0,CS-Notes,124528,https://github.com/CyC2018/CS-Notes,
0,,,,2.0,JavaGuide,100630,https://github.com/Snailclimb/JavaGuide,
0,3.0,1.0,12.0,6.0,java-design-patterns,64905,https://github.com/iluwatar/java-design-patterns,2.0
0,1.0,1.0,26.0,2.0,LeetCodeAnimation,63474,https://github.com/MisterBooo/LeetCodeAnimation,6.0
44,6.0,2.0,26.0,11.0,elasticsearch,54238,https://github.com/elastic/elasticsearch,5.0
89,4.0,1.0,11.0,8.0,spring-boot,54209,https://github.com/spring-projects/spring-boot,2.0
0,,,,2.0,advanced-java,53049,https://github.com/doocs/advanced-java,
0,1.0,1.0,20.0,4.0,interviews,50676,https://github.com/kdn251/interviews,5.0
1,3.0,1.0,33.5,2.0,mall,47715,https://github.com/macrozheng/mall,11.0
215,1.0,1.0,5.0,8.0,RxJava,44396,https://github.com/ReactiveX/RxJava,1.0
32,2.0,1.0,9.0,6.0,guava,40676,https://github.com/google/guava,2.0
0,3.0,1.0,16.0,8.0,okhttp,39671,https://github.com/square/okhttp,3.0
27,3.0,1.0,6.0,10.0,retrofit,37793,https://github.com/square/retrofit,1.0
0,1.0,1.0,26.0,4.0,Java,36154,https://github.com/TheAlgorithms/Java,7.0
29,4.0,1.0,19.0,8.0,dubbo,34899,https://github.com/apache/dubbo,4.0
44,5.0,1.0,25.0,6.0,MPAndroidChart,33020,https://github.com/PhilJay/MPAndroidChart,5.0
0,,,,1.0,GitHub-Chinese-Top-Charts,32171,https://github.com/kon9chunkit/GitHub-Chinese-Top-Charts,
36,4.0,1.0,13.0,7.0,glide,30918,https://github.com/bumptech/glide,3.0
29,4.0,1.0,19.0,4.0,lottie-android,30866,https://github.com/airbnb/lottie-android,5.0
116,2.0,1.0,14.0,4.0,AndroidUtilCode,29050,https://github.com/Blankj/AndroidUtilCode,3.0
116,2.0,1.0,14.0,4.0,AndroidUtilCode,29050,https://github.com/Blankj/AndroidUtilCode,3.0
27,4.0,2.0,31.0,9.0,zxing,27425,https://github.com/zxing/zxing,7.0
0,4.0,1.0,14.0,10.0,netty,26303,https://github.com/netty/netty,3.0
0,1.0,1.0,14.5,3.0,JCSprout,25940,https://github.com/crossoverJie/JCSprout,2.0
0,5.0,1.0,30.0,2.0,ghidra,25835,https://github.com/NationalSecurityAgency/ghidra,6.0
0,1.0,1.0,23.5,0.0,hello-algorithm,25681,https://github.com/geekxh/hello-algorithm,7.0
0,2.0,1.0,8.0,8.0,butterknife,25661,https://github.com/JakeWharton/butterknife,1.0
14,3.0,1.0,18.0,8.0,jadx,25531,https://github.com/skylot/jadx,2.0
49,4.0,1.0,36.5,3.0,proxyee-down,25498,https://github.com/proxyee-down-org/proxyee-down,6.0
0,3.0,1.0,14.0,7.0,tutorials,25309,https://github.com/eugenp/tutorials,3.0
33,3.0,1.0,24.0,2.0,arthas,25138,https://github.com/alibaba/arthas,6.0
0,4.0,1.0,7.0,4.0,spring-boot-examples,25127,https://github.com/ityouknow/spring-boot-examples,2.0
30,4.0,1.0,17.0,5.0,apollo,24157,https://github.com/ctripcorp/apollo,4.0
41,5.0,2.0,20.0,9.0,druid,23554,https://github.com/alibaba/druid,2.0
5,3.0,1.0,10.0,8.0,EventBus,23256,https://github.com/greenrobot/EventBus,2.0
81,2.0,1.0,12.0,9.0,fastjson,23160,https://github.com/alibaba/fastjson,2.0
8,3.0,1.0,8.0,3.0,SmartRefreshLayout,22340,https://github.com/scwang90/SmartRefreshLayout,1.0
191,3.0,1.0,13.0,4.0,BaseRecyclerViewAdapterHelper,21663,https://github.com/CymChad/BaseRecyclerViewAdapterHelper,3.0
79,2.0,1.0,8.0,8.0,Hystrix,21285,https://github.com/Netflix/Hystrix,2.0
13,4.0,1.0,17.0,2.0,jeecg-boot,21198,https://github.com/zhangdaiscott/jeecg-boot,3.0
0,4.0,1.0,7.0,3.0,spring-boot-demo,21089,https://github.com/xkcoding/spring-boot-demo,1.0
0,2.0,1.0,20.0,3.0,vhr,20749,https://github.com/lenve/vhr,7.0
27,4.0,1.0,17.0,8.0,selenium,20419,https://github.com/SeleniumHQ/selenium,3.0
0,5.0,1.0,19.0,9.0,Signal-Android,20155,https://github.com/signalapp/Signal-Android,4.0
0,,,,2.0,toBeTopJavaer,20008,https://github.com/hollischuang/toBeTopJavaer,
124,5.0,1.0,19.0,5.0,dbeaver,19695,https://github.com/dbeaver/dbeaver,4.0
0,3.0,1.0,13.0,2.0,miaosha,19647,https://github.com/qiurunze123/miaosha,3.0
18,1.0,1.0,6.0,6.0,RxAndroid,19357,https://github.com/ReactiveX/RxAndroid,1.0
0,2.0,1.0,7.0,6.0,gson,19344,https://github.com/google/gson,1.0
1,5.0,1.0,16.0,3.0,easyexcel,19268,https://github.com/alibaba/easyexcel,4.0
30,6.0,1.0,25.0,2.0,seata,19023,https://github.com/seata/seata,7.0
0,4.0,1.0,10.0,2.0,SpringAll,18920,https://github.com/wuyouzhuguli/SpringAll,2.0
82,3.0,1.0,23.0,6.0,hutool,18396,https://github.com/dromara/hutool,5.0
68,5.0,1.0,13.0,3.0,halo,18391,https://github.com/halo-dev/halo,3.0
0,4.0,1.0,23.0,9.0,kafka,18355,https://github.com/apache/kafka,5.0
20,4.0,1.0,26.0,8.0,canal,18251,https://github.com/alibaba/canal,6.0
7,4.0,1.0,27.0,8.0,libgdx,18217,https://github.com/libgdx/libgdx,5.0
21,5.0,1.0,18.0,3.0,spring-cloud-alibaba,18076,https://github.com/alibaba/spring-cloud-alibaba,3.0
7,3.5,1.0,12.0,7.0,picasso,17918,https://github.com/square/picasso,3.0
30,3.0,1.0,31.0,5.0,xxl-job,17672,https://github.com/xuxueli/xxl-job,7.0
5,3.0,1.0,14.0,8.0,PhotoView,17590,https://github.com/Baseflow/PhotoView,3.0
8,5.0,1.0,24.0,6.0,ExoPlayer,17451,https://github.com/google/ExoPlayer,5.0
91,4.0,2.0,15.0,10.0,jenkins,17088,https://github.com/jenkinsci/jenkins,3.0
3,2.0,1.0,14.0,2.0,DoraemonKit,17053,https://github.com/didi/DoraemonKit,3.0
36,3.0,1.0,20.0,2.0,nacos,16855,https://github.com/alibaba/nacos,4.0
0,3.0,1.0,28.5,9.0,Android-Universal-Image-Loader,16799,https://github.com/nostra13/Android-Universal-Image-Loader,5.0
43,5.0,1.0,18.0,6.0,fresco,16523,https://github.com/facebook/fresco,4.0
43,4.0,1.0,13.0,5.0,skywalking,16451,https://github.com/apache/skywalking,3.0
97,5.0,1.0,18.0,6.0,bazel,16422,https://github.com/bazelbuild/bazel,4.0
92,5.0,1.0,15.0,7.0,redisson,16032,https://github.com/redisson/redisson,4.0
23,2.0,1.0,14.0,4.0,GSYVideoPlayer,15955,https://github.com/CarGuo/GSYVideoPlayer,4.0
0,3.0,1.0,16.0,4.0,zheng,15894,https://github.com/shuzheng/zheng,5.0
0,5.0,1.0,17.0,6.0,flink,15852,https://github.com/apache/flink,4.0
39,3.0,1.0,27.0,4.0,tinker,15713,https://github.com/Tencent/tinker,6.0
17,3.0,1.0,20.0,2.0,Sentinel,15643,https://github.com/alibaba/Sentinel,4.0
8,3.0,1.0,37.0,3.0,litemall,15603,https://github.com/linlinjava/litemall,10.0
33,2.0,1.0,16.0,8.0,mybatis-3,15301,https://github.com/mybatis/mybatis-3,4.0
0,4.0,1.0,5.0,3.0,SpringCloudLearning,15173,https://github.com/forezp/SpringCloudLearning,1.0
0,4.0,1.0,27.0,8.0,cat,15148,https://github.com/dianping/cat,6.0
6,4.0,1.0,11.0,2.0,eladmin,14936,https://github.com/elunez/eladmin,2.0
32,4.0,1.0,16.0,5.0,graal,14880,https://github.com/oracle/graal,4.0
0,3.0,1.0,26.0,7.0,HikariCP,14772,https://github.com/brettwooldridge/HikariCP,5.0
0,4.0,1.0,13.0,6.0,Android-CleanArchitecture,14768,https://github.com/android10/Android-CleanArchitecture,3.0
0,1.0,1.0,19.0,7.0,java8-tutorial,14531,https://github.com/winterbe/java8-tutorial,2.0
0,2.0,1.0,9.0,8.0,FizzBuzzEnterpriseEdition,14263,https://github.com/EnterpriseQualityCoding/FizzBuzzEnterpriseEdition,2.0
62,5.0,1.0,24.0,8.0,zipkin,14161,https://github.com/openzipkin/zipkin,5.0
0,3.0,1.0,8.0,4.0,springboot-learning-example,14098,https://github.com/JeffLi1993/springboot-learning-example,2.0
0,2.5,1.0,11.5,4.0,lottie-react-native,13968,https://github.com/lottie-react-native/lottie-react-native,3.0
1,3.0,1.0,25.0,4.0,rocketmq,13835,https://github.com/apache/rocketmq,4.0
0,5.0,2.0,12.0,7.0,CircleImageView,13815,https://github.com/hdodenhof/CircleImageView,2.0
43,4.0,1.0,11.0,5.0,shardingsphere,13570,https://github.com/apache/shardingsphere,2.0
10,3.0,1.0,14.0,8.0,disruptor,13562,https://github.com/LMAX-Exchange/disruptor,3.0
0,2.0,1.0,8.0,6.0,Material-Animations,13524,https://github.com/lgvalle/Material-Animations,1.0
98,5.0,1.0,24.0,5.0,NewPipe,13212,https://github.com/TeamNewPipe/NewPipe,6.0
16,2.0,1.0,10.0,4.0,ARouter,12981,https://github.com/alibaba/ARouter,2.0
0,4.0,1.0,7.0,4.0,SpringBoot-Learning,12931,https://github.com/dyc87112/SpringBoot-Learning,1.0
34,3.0,1.0,11.0,3.0,QMUI_Android,12780,https://github.com/Tencent/QMUI_Android,2.0
16,6.0,1.0,36.0,6.0,logger,12718,https://github.com/orhanobut/logger,5.5
0,2.0,1.0,7.0,6.0,Android-PickerView,12631,https://github.com/Bigkoo/Android-PickerView,1.0
6,1.0,1.0,8.0,4.0,Luban,12391,https://github.com/Curzibn/Luban,2.0
8,4.0,1.0,25.0,9.0,greenDAO,12347,https://github.com/greenrobot/greenDAO,4.0
13,3.0,1.0,10.0,6.0,stetho,12186,https://github.com/facebook/stetho,2.0
34,4.0,1.0,13.0,4.0,material-components-android,12130,https://github.com/material-components/material-components-android,3.0
18,2.0,1.0,6.0,6.0,AndroidSwipeLayout,12011,https://github.com/daimajia/AndroidSwipeLayout,1.0
0,7.0,2.0,26.0,7.0,deeplearning4j,11999,https://github.com/eclipse/deeplearning4j,8.0
48,2.0,1.0,12.0,6.0,bytecode-viewer,11956,https://github.com/Konloch/bytecode-viewer,4.0
0,4.0,1.0,22.0,9.0,vert.x,11942,https://github.com/eclipse-vertx/vert.x,4.0
15,5.0,1.0,20.0,3.0,Matisse,11892,https://github.com/zhihu/Matisse,4.5
0,6.0,1.0,27.0,8.0,presto,11822,https://github.com/prestodb/presto,6.0
9,2.0,2.0,5.0,6.0,AndroidViewAnimations,11747,https://github.com/daimajia/AndroidViewAnimations,1.0
127,4.5,1.0,40.0,9.0,elasticsearch-analysis-ik,11739,https://github.com/medcl/elasticsearch-analysis-ik,13.0
158,2.0,1.0,8.0,8.0,mockito,11644,https://github.com/mockito/mockito,2.0
31,2.0,1.0,18.0,10.0,Arduino,11556,https://github.com/arduino/Arduino,4.0
13,4.0,2.0,27.5,9.0,Apktool,11543,https://github.com/iBotPeaches/Apktool,5.0
49,2.0,2.0,8.0,3.0,VirtualXposed,11458,https://github.com/android-hacker/VirtualXposed,1.0
0,4.0,1.0,21.0,6.0,hadoop,11451,https://github.com/apache/hadoop,4.0
14,4.0,1.0,15.0,2.0,AndroidAutoSize,11289,https://github.com/JessYanCoding/AndroidAutoSize,4.0
46,4.0,1.0,18.0,6.0,pinpoint,11275,https://github.com/pinpoint-apm/pinpoint,3.0
10,2.0,1.0,19.0,3.0,VasSonic,11230,https://github.com/Tencent/VasSonic,3.0
18,5.5,1.0,27.0,6.0,tink,11193,https://github.com/google/tink,5.0
0,3.0,1.0,13.0,8.0,SlidingMenu,11187,https://github.com/jfeinstein10/SlidingMenu,3.0
0,4.0,1.0,11.0,9.0,androidannotations,11118,https://github.com/androidannotations/androidannotations,3.0
0,3.0,1.0,9.0,8.0,realm-java,11109,https://github.com/realm/realm-java,1.0
0,5.0,2.0,20.0,4.0,banner,11038,https://github.com/youth5201314/banner,4.0
39,2.0,1.0,14.0,2.0,JustAuth,11016,https://github.com/justauth/JustAuth,4.0
20,4.0,1.0,11.0,4.0,mybatis-plus,10720,https://github.com/baomidou/mybatis-plus,2.0
34,3.0,1.0,13.0,4.0,vlayout,10714,https://github.com/alibaba/vlayout,3.0
43,5.0,1.0,21.0,8.0,druid,10695,https://github.com/apache/druid,4.0
4,4.0,1.0,21.0,8.0,zuul,10689,https://github.com/Netflix/zuul,4.0
3,4.0,1.0,25.0,10.0,android-async-http,10611,https://github.com/android-async-http/android-async-http,6.0
12,3.0,1.0,13.0,5.0,uCrop,10569,https://github.com/Yalantis/uCrop,4.0
40,0.0,1.0,11.0,5.0,PermissionsDispatcher,10515,https://github.com/permissions-dispatcher/PermissionsDispatcher,3.0
113,4.0,1.0,26.0,3.0,jib,10421,https://github.com/GoogleContainerTools/jib,5.0
78,6.0,2.0,30.0,5.0,JiaoZiVideoPlayer,10344,https://github.com/lipangit/JiaoZiVideoPlayer,7.0
138,4.0,1.0,18.0,8.0,eureka,10307,https://github.com/Netflix/eureka,4.0
14,5.0,1.0,14.0,5.0,okhttp-OkGo,10283,https://github.com/jeasonlzy/okhttp-OkGo,3.0
4,3.0,1.0,16.0,5.0,FlycoTabLayout,10248,https://github.com/H07000223/FlycoTabLayout,4.0
0,5.5,3.0,13.0,9.0,ViewPagerIndicator,10213,https://github.com/JakeWharton/ViewPagerIndicator,1.5
77,2.0,1.0,19.0,4.0,APIJSON,10207,https://github.com/Tencent/APIJSON,10.0
7,6.0,1.0,26.0,6.0,Mybatis-PageHelper,10195,https://github.com/pagehelper/Mybatis-PageHelper,2.5
3,3.0,1.0,12.0,11.0,lombok,10118,https://github.com/rzwitserloot/lombok,2.0
65,2.0,1.0,18.0,5.0,FileDownloader,10109,https://github.com/lingochamp/FileDownloader,5.0
11,2.0,1.0,10.0,5.0,RxPermissions,10091,https://github.com/tbruyelle/RxPermissions,2.0
91,3.0,1.0,19.5,4.0,PictureSelector,10075,https://github.com/LuckSiege/PictureSelector,5.0
14,3.0,1.0,6.0,6.0,guice,10059,https://github.com/google/guice,1.0
25,5.0,1.0,19.0,4.0,MVPArms,9998,https://github.com/JessYanCoding/MVPArms,5.0
0,4.0,1.0,8.0,2.0,SpringBoot-Labs,9929,https://github.com/YunaiV/SpringBoot-Labs,1.0
2,5.0,1.0,11.0,6.0,piggymetrics,9874,https://github.com/sqshq/piggymetrics,2.0
117,2.0,1.0,15.0,3.0,Mindustry,9834,https://github.com/Anuken/Mindustry,2.0
18,3.0,1.0,17.0,6.0,jd-gui,9801,https://github.com/java-decompiler/jd-gui,3.0
0,4.0,1.0,21.0,4.0,Auto.js,9778,https://github.com/hyb1996/Auto.js,5.0
42,2.0,1.0,5.0,10.0,jedis,9751,https://github.com/redis/jedis,1.0
0,2.0,1.0,8.0,4.0,spring-analysis,9712,https://github.com/seaswalker/spring-analysis,2.0
54,6.0,1.0,17.0,6.0,spring-boot-admin,9712,https://github.com/codecentric/spring-boot-admin,3.0
8,2.0,1.0,10.0,6.0,android-Ultra-Pull-To-Refresh,9693,https://github.com/liaohuqiu/android-Ultra-Pull-To-Refresh,1.0
20,4.0,1.0,16.0,7.0,webmagic,9690,https://github.com/code4craft/webmagic,3.0
30,3.0,1.0,11.0,5.0,Fragmentation,9661,https://github.com/YoKeyword/Fragmentation,2.0
0,3.0,1.0,13.0,2.0,flink-learning,9645,https://github.com/zhisheng17/flink-learning,1.0
0,3.0,2.0,13.0,6.0,Android-ObservableScrollView,9604,https://github.com/ksoichiro/Android-ObservableScrollView,3.0
22,2.0,2.0,8.0,11.0,antlr4,9589,https://github.com/antlr/antlr4,2.0
51,3.0,1.0,17.0,6.0,caffeine,9584,https://github.com/ben-manes/caffeine,4.0
0,,,,2.0,fullstack-tutorial,9512,https://github.com/frank-lam/fullstack-tutorial,
0,6.0,1.0,36.0,12.0,platform_frameworks_base,9507,https://github.com/aosp-mirror/platform_frameworks_base,6.0
0,2.0,1.0,35.0,6.0,interview,9505,https://github.com/mission-peace/interview,8.0
1,5.0,1.0,21.0,9.0,PocketHub,9479,https://github.com/pockethub/PocketHub,4.0
1,2.0,1.0,6.0,5.0,AVLoadingIndicatorView,9470,https://github.com/81813780/AVLoadingIndicatorView,1.0
0,5.0,2.0,19.0,3.0,ImmersionBar,9438,https://github.com/gyf-dev/ImmersionBar,3.0
0,2.0,1.0,47.0,4.0,Algorithms,9387,https://github.com/williamfiset/Algorithms,11.0
0,2.0,1.0,11.0,5.0,SmarterStreaming,9375,https://github.com/daniulive/SmarterStreaming,3.0
0,3.0,1.0,27.0,12.0,zookeeper,9266,https://github.com/apache/zookeeper,5.0
0,5.0,2.0,27.0,6.0,glide-transformations,9246,https://github.com/wasabeef/glide-transformations,6.0
0,5.0,1.0,21.0,2.0,BigData-Notes,9241,https://github.com/heibaiying/BigData-Notes,4.0
8,2.0,1.0,8.0,7.0,AndroidSlidingUpPanel,9232,https://github.com/umano/AndroidSlidingUpPanel,2.0
3,0.0,1.0,2.0,3.0,mit-deep-learning-book-pdf,9207,https://github.com/janishar/mit-deep-learning-book-pdf,0.0
42,3.0,1.0,8.0,7.0,auto,9158,https://github.com/google/auto,2.0
3,3.0,1.0,13.5,6.0,MaterialDesignLibrary,9134,https://github.com/navasmdc/MaterialDesignLibrary,2.0
124,2.0,1.0,13.5,5.0,react-native-camera,9024,https://github.com/react-native-camera/react-native-camera,3.0
0,3.0,1.0,20.0,9.0,spark,9023,https://github.com/perwendel/spark,4.0
12,8.0,1.0,28.0,5.0,easypermissions,8996,https://github.com/googlesamples/easypermissions,6.0
0,3.0,1.0,18.0,9.0,storm,8954,https://github.com/nathanmarz/storm,4.0
5,3.0,1.0,20.0,7.0,DanmakuFlameMaster,8910,https://github.com/bilibili/DanmakuFlameMaster,5.0
0,0.0,1.0,4.0,10.0,clojure,8839,https://github.com/clojure/clojure,1.0
0,4.5,2.0,17.5,9.0,Android-PullToRefresh,8810,https://github.com/chrisbanes/Android-PullToRefresh,3.0
7,3.0,1.0,33.0,6.0,Mycat-Server,8797,https://github.com/MyCATApache/Mycat-Server,6.0
0,2.0,1.0,17.0,8.0,javapoet,8784,https://github.com/square/javapoet,3.0
0,4.0,1.0,11.0,3.0,paascloud-master,8774,https://github.com/paascloud/paascloud-master,2.0
72,4.0,1.0,19.0,8.0,neo4j,8753,https://github.com/neo4j/neo4j,4.0
55,4.0,1.0,20.0,8.0,android-gif-drawable,8715,https://github.com/koral--/android-gif-drawable,5.0
2,3.0,1.0,26.0,11.0,jsoup,8663,https://github.com/jhy/jsoup,6.0
0,3.0,1.0,19.0,2.0,jdk,8659,https://github.com/openjdk/jdk,7.0
4,5.0,1.0,16.0,7.0,Calligraphy,8606,https://github.com/chrisjenx/Calligraphy,3.0
4,4.0,1.0,12.0,3.0,spring-boot-api-project-seed,8597,https://github.com/lihengming/spring-boot-api-project-seed,3.0
0,3.0,1.0,11.0,5.0,StatusBarUtil,8583,https://github.com/laobie/StatusBarUtil,2.0
12,4.0,1.0,21.0,4.0,MagicIndicator,8542,https://github.com/hackware1993/MagicIndicator,4.0
88,3.0,1.0,12.0,6.0,grpc-java,8521,https://github.com/grpc/grpc-java,2.0
183,8.0,1.0,13.0,9.0,cas,8516,https://github.com/apereo/cas,2.0
5,4.0,1.0,23.0,7.0,keycloak,8497,https://github.com/keycloak/keycloak,5.0
4,4.0,1.0,20.0,6.0,dex2jar,8496,https://github.com/pxb1988/dex2jar,4.0
0,3.0,1.0,25.0,3.0,DataX,8483,https://github.com/alibaba/DataX,4.0
4,2.0,1.0,6.0,5.0,BottomBar,8445,https://github.com/roughike/BottomBar,1.0
0,2.0,1.0,28.0,5.0,CtCI-6th-Edition,8381,https://github.com/careercup/CtCI-6th-Edition,7.0
0,2.0,1.0,58.0,5.0,Android_Data,8378,https://github.com/Freelander/Android_Data,21.0
0,1.5,1.0,6.5,6.0,JsBridge,8349,https://github.com/lzyzsd/JsBridge,2.0
4,3.0,1.0,17.0,3.0,VirtualAPK,8334,https://github.com/didi/VirtualAPK,3.0
203,3.0,1.0,24.0,5.0,zaproxy,8333,https://github.com/zaproxy/zaproxy,5.0
42,4.0,1.0,11.0,4.0,thingsboard,8332,https://github.com/thingsboard/thingsboard,3.0
0,3.0,1.0,22.0,1.0,mall-learning,8322,https://github.com/macrozheng/mall-learning,7.0
5,2.0,1.0,17.0,2.0,matrix,8307,https://github.com/Tencent/matrix,4.0
11,3.0,1.0,16.0,5.0,MaterialViewPager,8222,https://github.com/florent37/MaterialViewPager,3.0
0,1.0,1.0,28.5,5.0,AndroidNote,8161,https://github.com/GcsSloop/AndroidNote,6.5
13,3.0,1.0,8.0,12.0,junit4,8097,https://github.com/junit-team/junit4,2.0
39,5.0,1.0,22.0,2.0,openapi-generator,8089,https://github.com/OpenAPITools/openapi-generator,6.0
0,2.0,1.0,24.0,3.0,awesome-java-leetcode,8016,https://github.com/Blankj/awesome-java-leetcode,7.0
26,5.0,1.0,22.0,8.0,OpenRefine,7983,https://github.com/OpenRefine/OpenRefine,5.0
0,1.0,1.0,11.0,5.0,Java,7962,https://github.com/DuGuQiuBai/Java,2.0
0,6.0,1.0,19.0,6.0,testing-samples,7937,https://github.com/android/testing-samples,3.0
11,3.0,1.0,12.0,3.0,AgentWeb,7933,https://github.com/Justson/AgentWeb,3.0
104,5.0,1.0,14.0,10.0,dropwizard,7911,https://github.com/dropwizard/dropwizard,3.0
7,4.0,1.0,22.0,4.0,atlas,7909,https://github.com/alibaba/atlas,5.0
0,2.0,1.0,11.5,5.0,HomeMirror,7894,https://github.com/HannahMitt/HomeMirror,2.0
2,4.0,1.0,26.0,7.0,CoreNLP,7885,https://github.com/stanfordnlp/CoreNLP,5.0
12,2.0,1.0,19.0,11.0,Java-WebSocket,7859,https://github.com/TooTallNate/Java-WebSocket,4.0
0,2.0,2.0,16.0,8.0,android-gpuimage,7805,https://github.com/cats-oss/android-gpuimage,4.0
56,5.0,1.0,17.0,7.0,buck,7802,https://github.com/facebook/buck,4.0
0,5.0,2.0,11.0,5.0,Android-SpinKit,7798,https://github.com/ybq/Android-SpinKit,3.0
4,4.0,1.0,26.0,8.0,SimianArmy,7748,https://github.com/Netflix/SimianArmy,6.0
12,4.0,1.0,11.0,4.0,Android-Debug-Database,7741,https://github.com/amitshekhariitbhu/Android-Debug-Database,4.0
17,3.0,2.0,12.0,5.0,material-theme-jetbrains,7718,https://github.com/ChrisRM/material-theme-jetbrains,3.0
0,2.0,2.0,8.0,4.0,VirtualApp,7654,https://github.com/asLody/VirtualApp,2.0
22,6.0,1.0,25.5,5.0,RxLifecycle,7611,https://github.com/trello/RxLifecycle,4.0
25,5.0,1.0,19.0,8.0,Activiti,7596,https://github.com/Activiti/Activiti,4.0
0,7.0,1.0,59.0,7.0,hugo,7588,https://github.com/JakeWharton/hugo,8.0
0,3.0,1.0,12.0,4.0,quickstart-android,7576,https://github.com/firebase/quickstart-android,2.0
0,3.0,1.0,17.0,8.0,LitePal,7565,https://github.com/guolindev/LitePal,3.0
7,3.0,1.0,15.0,2.0,cim,7557,https://github.com/crossoverJie/cim,3.0
20,4.0,1.0,11.0,5.0,hsweb-framework,7525,https://github.com/hs-web/hsweb-framework,2.0
46,4.0,1.0,15.0,4.0,pulsar,7522,https://github.com/apache/pulsar,3.0
0,4.0,1.0,28.5,4.0,CalendarView,7482,https://github.com/huanghaibin-dev/CalendarView,7.0
0,3.0,1.0,13.5,6.0,RxJava-Android-Samples,7454,https://github.com/kaushikgopal/RxJava-Android-Samples,3.0
79,3.0,1.0,38.0,5.0,termux-app,7451,https://github.com/termux/termux-app,7.0
4,2.0,1.0,40.0,5.0,AndResGuard,7367,https://github.com/shwenzhang/AndResGuard,8.0
0,3.0,1.0,8.0,6.0,jjwt,7323,https://github.com/jwtk/jjwt,2.0
108,3.0,1.0,11.0,2.0,quarkus,7312,https://github.com/quarkusio/quarkus,2.0
16,4.0,1.0,13.0,5.0,agera,7302,https://github.com/google/agera,3.0
55,4.0,1.0,20.0,11.0,metrics,7301,https://github.com/dropwizard/metrics,4.0
0,1.0,1.0,22.0,3.0,UltimateAndroidReference,7269,https://github.com/aritraroy/UltimateAndroidReference,6.0
0,3.0,1.0,5.0,8.0,dagger,7267,https://github.com/square/dagger,1.0
9,3.0,1.0,13.0,6.0,UltimateRecyclerView,7211,https://github.com/cymcsg/UltimateRecyclerView,3.0
5,3.0,1.0,23.0,7.0,Android-Bootstrap,7209,https://github.com/Bearded-Hen/Android-Bootstrap,4.0
63,4.0,2.0,9.0,4.0,epoxy,7204,https://github.com/airbnb/epoxy,2.0
32,4.0,1.0,18.0,10.0,ActionBarSherlock,7184,https://github.com/JakeWharton/ActionBarSherlock,3.0
0,3.0,1.0,11.0,6.0,moshi,7163,https://github.com/square/moshi,2.0
2,1.5,1.0,23.0,6.0,sweet-alert-dialog,7147,https://github.com/pedant/sweet-alert-dialog,5.5
14,4.0,1.0,41.0,6.0,hellocharts-android,7146,https://github.com/lecho/hellocharts-android,4.0
20,3.0,1.0,21.0,5.0,WeChatLuckyMoney,7112,https://github.com/geeeeeeeeek/WeChatLuckyMoney,4.0
15,2.0,1.0,28.0,5.0,TakePhoto,7110,https://github.com/crazycodeboy/TakePhoto,7.0
46,5.0,1.0,11.0,4.0,litho,7090,https://github.com/facebook/litho,2.0
0,0.0,1.0,5.0,3.0,android-interview-questions,7084,https://github.com/MindorksOpenSource/android-interview-questions,1.0
9,2.0,1.0,26.0,2.0,vjtools,7017,https://github.com/vipshop/vjtools,4.0
68,2.5,1.0,12.0,5.0,react-native-image-picker,6983,https://github.com/react-native-image-picker/react-native-image-picker,2.5
0,2.0,1.0,8.0,8.0,AndroidAsync,6966,https://github.com/koush/AndroidAsync,2.0
0,5.0,1.0,16.0,7.0,ShortcutBadger,6957,https://github.com/leolin310148/ShortcutBadger,2.0
25,4.0,1.0,14.0,5.0,shardingsphere-elasticjob,6889,https://github.com/apache/shardingsphere-elasticjob,3.0
0,4.0,1.0,27.0,6.0,SmartTabLayout,6873,https://github.com/ogaclejapan/SmartTabLayout,4.0
3,5.0,1.0,13.0,0.0,tsunami-security-scanner,6868,https://github.com/google/tsunami-security-scanner,3.0
0,2.5,1.0,12.0,5.0,okhttputils,6865,https://github.com/hongyangAndroid/okhttputils,3.0
15,3.0,1.0,10.0,7.0,feign,6803,https://github.com/OpenFeign/feign,2.0
17,2.0,1.0,16.5,5.0,android-classyshark,6729,https://github.com/google/android-classyshark,4.0
0,5.0,2.0,27.0,5.0,AndroidAutoLayout,6725,https://github.com/hongyangAndroid/AndroidAutoLayout,5.5
63,3.0,1.0,8.0,9.0,swagger-core,6711,https://github.com/swagger-api/swagger-core,1.0
21,3.5,1.0,14.5,7.0,subsampling-scale-image-view,6702,https://github.com/davemorrissey/subsampling-scale-image-view,3.0
17,3.0,1.0,21.5,3.0,RePlugin,6681,https://github.com/Qihoo360/RePlugin,5.0
160,4.0,1.0,18.5,2.0,MyBookshelf,6674,https://github.com/gedoor/MyBookshelf,5.0
28,5.0,1.0,23.0,5.0,resilience4j,6667,https://github.com/resilience4j/resilience4j,4.0
0,2.0,1.0,30.0,1.0,newbee-mall,6560,https://github.com/newbee-ltd/newbee-mall,10.0
0,4.0,1.0,58.0,5.0,algs4,6537,https://github.com/kevin-wayne/algs4,18.0
2,2.0,3.0,5.0,5.0,DroidPlugin,6529,https://github.com/DroidPluginTeam/DroidPlugin,1.0
0,5.0,1.0,22.0,11.0,cassandra,6527,https://github.com/apache/cassandra,5.0
0,5.0,1.0,13.0,4.0,SpringCloud-Learning,6509,https://github.com/dyc87112/SpringCloud-Learning,2.0
10,3.0,1.0,21.0,7.0,otter,6499,https://github.com/alibaba/otter,4.0
0,3.0,1.0,13.0,4.0,AndPermission,6487,https://github.com/yanzhenjie/AndPermission,3.0
5,3.0,1.0,14.0,5.0,Timber,6482,https://github.com/naman14/Timber,2.0
0,1.0,1.0,10.0,4.0,AndroidPdfViewer,6465,https://github.com/barteksc/AndroidPdfViewer,2.0
0,3.0,2.0,11.0,9.0,jna,6433,https://github.com/java-native-access/jna,2.0
28,3.0,1.0,11.5,6.0,che,6392,https://github.com/eclipse/che,3.0
2,4.0,1.0,16.0,6.0,Mapper,6350,https://github.com/abel533/Mapper,3.0
0,3.0,1.0,8.0,6.0,android-floating-action-button,6326,https://github.com/zendesk/android-floating-action-button,2.0
97,4.0,1.0,25.0,6.0,EhViewer,6309,https://github.com/seven332/EhViewer,6.0
2,2.0,1.0,8.0,3.0,MVVMHabit,6301,https://github.com/goldze/MVVMHabit,2.0
154,5.0,1.0,48.0,6.0,elasticsearch-sql,6297,https://github.com/NLPchina/elasticsearch-sql,11.0
0,3.0,1.0,11.0,7.0,ion,6241,https://github.com/koush/ion,2.0
0,3.0,1.0,24.0,7.0,storm,6216,https://github.com/apache/storm,5.0
0,3.0,1.0,48.0,3.0,xmall,6193,https://github.com/Exrick/xmall,12.0
1,3.0,1.0,29.5,1.0,mall-swarm,6185,https://github.com/macrozheng/mall-swarm,11.0
18,5.0,1.0,34.0,3.0,angel,6171,https://github.com/Angel-ML/angel,8.0
19,9.0,2.0,35.0,8.0,RoundedImageView,6151,https://github.com/vinc3m1/RoundedImageView,3.0
0,3.0,1.0,25.0,7.0,SwipeBackLayout,6098,https://github.com/ikew0ng/SwipeBackLayout,8.0
18,3.0,1.0,5.5,4.0,Toasty,6096,https://github.com/GrenderG/Toasty,1.0
19,2.0,1.0,16.0,6.0,MaterialEditText,6087,https://github.com/rengwuxian/MaterialEditText,4.0
4,3.0,1.0,8.0,3.0,RIBs,6064,https://github.com/uber/RIBs,2.0
10,3.0,1.0,15.0,6.0,material,6062,https://github.com/rey5137/material,4.0
17,3.0,1.0,14.5,6.0,physical-web,6052,https://github.com/google/physical-web,3.0
0,3.0,1.0,11.0,6.0,EffectiveAndroidUI,6045,https://github.com/pedrovgs/EffectiveAndroidUI,3.0
68,5.0,1.0,20.0,7.0,gocd,6032,https://github.com/gocd/gocd,4.0
0,3.0,1.0,19.5,5.0,AndroidPerformanceMonitor,5988,https://github.com/markzhai/AndroidPerformanceMonitor,4.0
36,4.0,1.0,24.0,4.0,haven,5967,https://github.com/guardianproject/haven,5.0
0,5.0,1.0,8.0,3.0,SpringCloud,5951,https://github.com/zhoutaoo/SpringCloud,1.0
1,2.0,1.0,21.0,4.0,walle,5945,https://github.com/Meituan-Dianping/walle,4.0
0,2.0,1.0,16.0,6.0,androidmvp,5943,https://github.com/antoniolg/androidmvp,4.0
100,1.0,1.0,12.0,7.0,checkstyle,5917,https://github.com/checkstyle/checkstyle,2.0
0,3.0,1.0,13.0,6.0,dynamic-load-apk,5913,https://github.com/singwhatiwanna/dynamic-load-apk,2.0
0,4.0,1.0,16.0,3.0,VBlog,5911,https://github.com/lenve/VBlog,5.0
0,3.0,1.0,14.0,1.0,Jetpack-MVVM-Best-Practice,5910,https://github.com/KunMinX/Jetpack-MVVM-Best-Practice,3.0
3,0.5,1.0,7.5,6.0,NumberProgressBar,5892,https://github.com/daimajia/NumberProgressBar,1.0
0,5.0,1.0,23.0,6.0,closure-compiler,5884,https://github.com/google/closure-compiler,6.0
9,3.0,1.0,23.0,5.0,xUtils3,5882,https://github.com/wyouflf/xUtils3,6.5
0,3.0,1.0,17.0,7.0,Signal-Server,5862,https://github.com/signalapp/Signal-Server,3.5
0,3.0,1.0,17.0,5.0,remusic,5852,https://github.com/aa112901/remusic,3.0
0,2.0,1.0,13.0,4.0,BookReader,5851,https://github.com/smuyyh/BookReader,2.0
3,3.0,1.0,21.0,8.0,nanohttpd,5847,https://github.com/NanoHttpd/nanohttpd,4.0
36,4.0,1.0,24.0,2.0,server,5829,https://github.com/wildfirechat/server,6.0
3,4.0,1.0,28.0,8.0,ansj_seg,5824,https://github.com/NLPchina/ansj_seg,5.0
3,2.0,1.0,23.0,9.0,springside4,5802,https://github.com/springside/springside4,4.0
48,2.0,1.0,14.0,8.0,processing,5793,https://github.com/processing/processing,3.0
89,5.0,1.0,19.0,8.0,flyway,5763,https://github.com/flyway/flyway,5.0
58,5.0,1.0,15.0,9.0,spring-security,5761,https://github.com/spring-projects/spring-security,3.0
38,2.0,1.0,14.0,7.0,j2objc,5759,https://github.com/google/j2objc,3.0
6,3.0,1.0,16.0,10.0,JsonPath,5754,https://github.com/json-path/JsonPath,4.0
0,4.0,1.0,13.0,7.0,u2020,5735,https://github.com/JakeWharton/u2020,3.0
16,5.0,1.0,40.0,4.0,mybatis-generator-gui,5728,https://github.com/zouzg/mybatis-generator-gui,7.0
96,3.0,1.0,18.0,10.0,k-9,5727,https://github.com/k9mail/k-9,4.0
15,4.0,1.0,12.0,8.0,FrameworkBenchmarks,5716,https://github.com/TechEmpower/FrameworkBenchmarks,2.0
0,4.0,1.0,21.0,10.0,async-http-client,5703,https://github.com/AsyncHttpClient/async-http-client,4.0
32,4.0,1.0,21.0,6.0,Android-Image-Cropper,5692,https://github.com/ArthurHub/Android-Image-Cropper,4.5
0,4.0,1.0,17.0,5.0,BoomMenu,5692,https://github.com/Nightonke/BoomMenu,4.0
28,6.0,1.0,15.0,10.0,graylog2-server,5677,https://github.com/Graylog2/graylog2-server,4.0
2,3.0,2.0,12.0,4.0,InfiniteCycleViewPager,5660,https://github.com/Devlight/InfiniteCycleViewPager,2.0
16,4.0,1.0,21.0,4.0,motan,5650,https://github.com/weibocom/motan,4.0
14,5.0,2.0,17.0,8.0,ListViewAnimations,5649,https://github.com/nhaarman/ListViewAnimations,3.0
7,5.0,1.0,22.0,10.0,sonarqube,5641,https://github.com/SonarSource/sonarqube,4.0
22,4.0,1.0,15.0,6.0,material-calendarview,5640,https://github.com/prolificinteractive/material-calendarview,3.0
5,2.0,1.0,11.0,6.0,AndroidImageSlider,5636,https://github.com/daimajia/AndroidImageSlider,3.0
27,4.0,1.0,16.5,5.0,react-native-push-notification,5634,https://github.com/zo0r/react-native-push-notification,3.0
0,4.0,1.0,5.0,3.0,spring-cloud-examples,5590,https://github.com/ityouknow/spring-cloud-examples,1.0
5,3.0,1.0,16.5,5.0,react-native-video,5569,https://github.com/react-native-video/react-native-video,3.0
0,2.5,1.0,43.0,9.0,DiskLruCache,5558,https://github.com/JakeWharton/DiskLruCache,11.0
13,5.0,1.0,17.0,8.0,ShowcaseView,5554,https://github.com/amlcurran/ShowcaseView,3.0
9,4.0,1.0,11.0,6.0,error-prone,5519,https://github.com/google/error-prone,2.0
16,3.0,1.0,10.0,9.0,StickyListHeaders,5512,https://github.com/emilsjolander/StickyListHeaders,3.0
0,2.0,1.0,13.0,6.0,circular-progress-button,5496,https://github.com/dmytrodanylyk/circular-progress-button,3.0
0,3.0,1.0,7.0,5.0,FlowLayout,5488,https://github.com/hongyangAndroid/FlowLayout,1.0
9,3.0,1.0,19.0,5.0,blade,5485,https://github.com/lets-blade/blade,4.0
10,2.0,1.0,13.0,7.0,rebound,5467,https://github.com/facebookarchive/rebound,3.0
15,3.0,1.0,12.0,6.0,mosby,5459,https://github.com/sockeqwe/mosby,3.0
4,2.0,1.0,11.0,5.0,cachecloud,5450,https://github.com/sohutv/cachecloud,3.0
0,1.0,1.0,20.0,1.0,LeetCode,5447,https://github.com/yuanguangxin/LeetCode,5.0
118,3.0,1.0,11.0,2.0,XPopup,5441,https://github.com/li-xiaojun/XPopup,2.0
72,4.0,1.0,38.0,7.0,aeron,5439,https://github.com/real-logic/aeron,6.0
22,2.0,1.0,16.0,4.0,freeline,5436,https://github.com/alibaba/freeline,3.0
0,2.0,1.0,5.0,5.0,richeditor-android,5420,https://github.com/wasabeef/richeditor-android,1.0
57,5.0,1.0,28.0,7.0,jsonschema2pojo,5416,https://github.com/joelittlejohn/jsonschema2pojo,5.0
12,3.0,1.0,18.0,6.0,disconf,5412,https://github.com/knightliao/disconf,4.0
3,7.0,2.0,41.0,7.0,SystemBarTint,5400,https://github.com/jgilfelt/SystemBarTint,4.0
2,2.0,1.0,11.0,4.0,DiscreteScrollView,5399,https://github.com/yarolegovich/DiscreteScrollView,2.0
0,4.0,1.0,21.0,5.0,JFoenix,5395,https://github.com/sshahine/JFoenix,3.0
42,2.5,1.0,13.0,4.0,aurora-imui,5389,https://github.com/jpush/aurora-imui,3.0
37,3.0,1.0,13.0,7.0,gradle-retrolambda,5384,https://github.com/evant/gradle-retrolambda,2.0
31,4.0,1.0,19.0,5.0,android-job,5374,https://github.com/evernote/android-job,4.0
6,2.0,1.0,10.0,7.0,barcodescanner,5362,https://github.com/dm77/barcodescanner,2.0
49,3.0,1.0,33.0,3.0,capacitor,5357,https://github.com/ionic-team/capacitor,7.5
0,4.5,1.0,13.5,3.0,FEBS-Shiro,5350,https://github.com/febsteam/FEBS-Shiro,3.0
63,6.0,1.0,14.0,4.0,FastHub,5350,https://github.com/k0shk0sh/FastHub,4.0
0,2.0,1.0,16.0,4.0,ssm,5339,https://github.com/liyifeng1994/ssm,3.0
36,3.0,1.0,14.0,10.0,facebook-android-sdk,5329,https://github.com/facebook/facebook-android-sdk,3.0
0,4.0,1.0,30.0,8.0,twoway-view,5281,https://github.com/lucasr/twoway-view,6.0
0,3.0,1.0,23.0,9.0,tomcat,5265,https://github.com/apache/tomcat,5.0
15,4.0,1.0,28.0,2.0,incubator-dolphinscheduler,5262,https://github.com/apache/incubator-dolphinscheduler,5.0
73,4.0,2.0,23.0,5.0,react-native-svg,5262,https://github.com/react-native-svg/react-native-svg,6.0
0,5.0,1.0,12.0,10.0,rest-assured,5254,https://github.com/rest-assured/rest-assured,3.0
0,5.0,1.0,25.0,10.0,rabbitmq-tutorials,5247,https://github.com/rabbitmq/rabbitmq-tutorials,3.0
0,2.0,1.0,9.0,5.0,XRecyclerView,5239,https://github.com/XRecyclerView/XRecyclerView,2.0
0,3.0,1.0,17.0,9.0,config,5224,https://github.com/lightbend/config,5.0
0,3.0,1.0,21.0,8.0,VitamioBundle,5218,https://github.com/yixia/VitamioBundle,4.0
71,4.0,1.0,14.0,10.0,robolectric,5213,https://github.com/robolectric/robolectric,3.0
0,1.0,1.0,8.0,8.0,otto,5211,https://github.com/square/otto,1.0
36,4.0,1.0,17.0,9.0,cw-omnibus,5206,https://github.com/commonsguy/cw-omnibus,3.0
3,3.0,1.0,15.0,9.0,netty-socketio,5202,https://github.com/mrniko/netty-socketio,4.0
1,3.0,1.0,11.5,1.0,Shadow,5201,https://github.com/Tencent/Shadow,2.0
102,7.0,1.0,23.0,7.0,cryptomator,5199,https://github.com/cryptomator/cryptomator,4.0
0,3.0,1.0,30.0,6.0,zeppelin,5193,https://github.com/apache/zeppelin,5.0
22,5.0,1.0,39.0,6.0,smile,5192,https://github.com/haifengl/smile,9.0
8,2.0,1.0,11.0,5.0,Fast-Android-Networking,5192,https://github.com/amitshekhariitbhu/Fast-Android-Networking,2.0
0,5.0,1.0,25.0,4.0,Android-skin-support,5180,https://github.com/ximsfei/Android-skin-support,6.0
14,2.0,1.0,10.0,6.0,FloatingActionButton,5170,https://github.com/Clans/FloatingActionButton,2.0
4,3.0,1.0,17.0,10.0,scribejava,5146,https://github.com/scribejava/scribejava,2.0
0,2.0,1.0,12.0,5.0,HTextView,5135,https://github.com/hanks-zyh/HTextView,3.0
0,4.0,1.0,14.0,9.0,titan,5126,https://github.com/thinkaurelius/titan,4.0
2,2.0,1.0,8.5,6.0,Side-Menu.Android,5118,https://github.com/Yalantis/Side-Menu.Android,3.0
1,5.0,2.0,60.0,7.0,grafika,5117,https://github.com/google/grafika,9.0
0,3.0,1.0,20.0,5.0,wechat,5099,https://github.com/motianhuo/wechat,3.0
0,4.0,2.0,34.0,10.0,jmeter,5091,https://github.com/apache/jmeter,7.0
0,0.5,1.0,18.5,3.0,from-java-to-kotlin,5078,https://github.com/MindorksOpenSource/from-java-to-kotlin,7.0
1,4.0,2.0,17.0,6.0,android-advancedrecyclerview,5075,https://github.com/h6ah4i/android-advancedrecyclerview,4.0
12,3.0,1.0,16.0,8.0,springfox,5066,https://github.com/springfox/springfox,4.0
1,2.0,1.0,7.0,6.0,InstaMaterial,5038,https://github.com/frogermcs/InstaMaterial,1.0
0,7.5,2.0,104.0,6.0,android-lifecycle,5036,https://github.com/xxv/android-lifecycle,20.0
43,5.0,1.0,29.0,8.0,alluxio,5020,https://github.com/Alluxio/alluxio,6.0
0,3.0,1.0,25.0,5.0,MagicCamera,5016,https://github.com/wuhaoyu1990/MagicCamera,4.0
13,6.0,1.0,13.5,3.0,dubbo-spring-boot-project,5009,https://github.com/apache/dubbo-spring-boot-project,2.0
17,2.0,1.0,10.0,4.0,camerakit-android,5001,https://github.com/CameraKit/camerakit-android,2.0
10,2.0,1.0,13.5,3.0,UltraViewPager,4991,https://github.com/alibaba/UltraViewPager,3.5
0,3.0,1.0,18.0,4.0,SwipeRecyclerView,4991,https://github.com/yanzhenjie/SwipeRecyclerView,3.0
22,2.0,1.0,15.0,4.0,TapTargetView,4991,https://github.com/KeepSafe/TapTargetView,3.0
28,2.0,1.0,8.0,5.0,AndroidPicker,4990,https://github.com/gzu-liyujiang/AndroidPicker,2.0
1,3.0,1.0,22.0,8.0,android-common,4983,https://github.com/Trinea/android-common,7.0
0,3.0,1.0,14.0,5.0,tcc-transaction,4979,https://github.com/changmingxie/tcc-transaction,4.0
6,4.0,1.0,47.0,6.0,javacv,4967,https://github.com/bytedeco/javacv,9.0
3,3.0,1.0,17.0,3.0,Spring-Cloud-Platform,4966,https://github.com/wxiaoqi/Spring-Cloud-Platform,4.0
25,2.0,1.0,6.0,5.0,Small,4960,https://github.com/wequick/Small,1.0
0,2.0,1.0,5.0,6.0,RippleEffect,4939,https://github.com/traex/RippleEffect,1.0
0,2.0,1.0,15.0,5.0,useful-java-links,4939,https://github.com/Vedenin/useful-java-links,2.0
0,2.0,1.0,28.0,8.0,ctci,4917,https://github.com/careercup/ctci,7.0
0,5.0,1.0,18.0,9.0,spring-mvc-showcase,4909,https://github.com/spring-projects/spring-mvc-showcase,4.0
32,3.0,1.0,12.0,5.0,Dexter,4907,https://github.com/Karumi/Dexter,3.0
0,2.0,1.0,15.0,4.0,RxJava2-Android-Samples,4903,https://github.com/amitshekhariitbhu/RxJava2-Android-Samples,3.0
9,3.0,1.0,8.0,6.0,dialogplus,4884,https://github.com/orhanobut/dialogplus,2.0
25,3.0,1.0,15.0,5.0,Android-ZBLibrary,4853,https://github.com/TommyLemon/Android-ZBLibrary,3.0
13,2.0,1.0,10.0,4.0,NavigationTabBar,4852,https://github.com/Devlight/NavigationTabBar,2.0
1,4.0,1.0,17.0,8.0,smali,4852,https://github.com/JesusFreke/smali,4.0
0,4.0,1.0,39.0,6.0,lucida,4842,https://github.com/claritylab/lucida,9.0
34,6.0,1.0,25.0,5.0,graphql-java,4833,https://github.com/graphql-java/graphql-java,5.0
0,4.0,1.0,13.0,4.0,springBoot,4824,https://github.com/527515025/springBoot,3.0
0,3.5,1.0,14.0,5.0,Blurry,4824,https://github.com/wasabeef/Blurry,2.5
7,5.0,1.0,35.0,3.0,kkFileView,4821,https://github.com/kekingcn/kkFileView,6.0
72,4.0,1.0,13.0,3.0,micronaut-core,4821,https://github.com/micronaut-projects/micronaut-core,3.0
0,3.0,1.0,15.5,4.0,android-zxingLibrary,4820,https://github.com/yipianfengye/android-zxingLibrary,2.0
1,2.0,1.0,10.0,7.0,pentaho-kettle,4814,https://github.com/pentaho/pentaho-kettle,2.0
23,5.0,1.0,13.0,6.0,Transitions-Everywhere,4808,https://github.com/andkulikov/Transitions-Everywhere,3.0
7,3.0,1.5,27.5,7.0,AndroidStaggeredGrid,4800,https://github.com/etsy/AndroidStaggeredGrid,5.5
0,2.0,1.0,10.0,4.0,folding-cell-android,4796,https://github.com/Ramotion/folding-cell-android,1.0
0,5.0,1.0,12.5,8.0,spring-petclinic,4752,https://github.com/spring-projects/spring-petclinic,3.0
27,4.0,1.0,13.0,7.0,cardslib,4745,https://github.com/gabrielemariotti/cardslib,3.0
0,3.0,1.0,15.0,6.0,Android-ConvenientBanner,4738,https://github.com/saiwu-bigkoo/Android-ConvenientBanner,3.0
49,5.0,1.0,16.0,5.0,testcontainers-java,4731,https://github.com/testcontainers/testcontainers-java,3.0
0,3.0,2.0,22.0,8.0,ActiveAndroid,4730,https://github.com/pardom-zz/ActiveAndroid,6.0
11,2.5,1.0,12.5,4.0,react-native-splash-screen,4722,https://github.com/crazycodeboy/react-native-splash-screen,3.0
0,3.0,1.0,13.0,4.0,cameraview,4704,https://github.com/google/cameraview,3.0
0,0.0,1.0,4.0,2.0,Java-Tutorial,4698,https://github.com/h2pl/Java-Tutorial,0.5
13,4.5,1.5,13.5,4.0,GravitySnapHelper,4697,https://github.com/rubensousa/GravitySnapHelper,3.5
0,4.0,1.0,25.0,7.0,languagetool,4692,https://github.com/languagetool-org/languagetool,4.0
11,6.0,1.0,16.0,5.0,beam,4687,https://github.com/apache/beam,3.0
6,4.0,1.0,27.0,8.0,zxing-android-embedded,4678,https://github.com/journeyapps/zxing-android-embedded,6.0
9,2.0,1.0,9.0,6.0,sqlbrite,4666,https://github.com/square/sqlbrite,2.0
9,5.0,2.0,27.0,8.0,generator,4640,https://github.com/mybatis/generator,5.0
1,2.0,1.0,29.0,5.0,packer-ng-plugin,4640,https://github.com/mcxiaoke/packer-ng-plugin,6.0
2,1.0,1.0,7.0,7.0,socket.io-client-java,4636,https://github.com/socketio/socket.io-client-java,1.0
35,4.0,1.0,17.0,4.0,karate,4633,https://github.com/intuit/karate,3.5
0,3.0,2.0,15.0,2.0,LayoutManagerGroup,4620,https://github.com/DingMouRen/LayoutManagerGroup,3.0
0,3.0,1.0,12.0,5.0,baseAdapter,4609,https://github.com/hongyangAndroid/baseAdapter,3.0
32,6.0,2.0,56.0,9.0,joda-time,4608,https://github.com/JodaOrg/joda-time,14.0
0,1.0,1.0,8.0,2.0,ZXBlog,4593,https://github.com/ZXZxin/ZXBlog,1.0
21,6.0,2.0,18.0,10.0,go-lang-idea-plugin,4587,https://github.com/go-lang-plugin-org/go-lang-idea-plugin,5.0
0,2.0,1.0,13.0,5.0,SimplifyReader,4574,https://github.com/chentao0707/SimplifyReader,3.0
20,3.0,1.0,18.0,5.0,AndroidVideoCache,4573,https://github.com/danikula/AndroidVideoCache,4.0
0,2.0,1.0,6.0,4.0,Depth-LIB-Android-,4573,https://github.com/danielzeller/Depth-LIB-Android-,2.0
16,5.0,1.0,20.0,10.0,hibernate-orm,4567,https://github.com/hibernate/hibernate-orm,4.0
54,5.0,1.0,31.0,6.0,MaterialDateTimePicker,4543,https://github.com/wdullaer/MaterialDateTimePicker,7.0
0,5.0,1.0,19.0,9.0,MinecraftForge,4538,https://github.com/MinecraftForge/MinecraftForge,4.0
10,4.0,1.0,15.0,4.0,JAViewer,4534,https://github.com/SplashCodes/JAViewer,2.0
0,2.0,1.0,11.0,9.0,NineOldAndroids,4523,https://github.com/JakeWharton/NineOldAndroids,2.0
0,4.0,1.0,27.0,5.0,debezium,4517,https://github.com/debezium/debezium,6.0
49,3.0,1.0,10.0,6.0,junit5,4508,https://github.com/junit-team/junit5,2.0
5,9.0,2.0,115.0,6.0,shimmer-android,4501,https://github.com/facebook/shimmer-android,12.0
6,1.0,1.0,10.0,7.0,android-crop,4491,https://github.com/jdamcd/android-crop,2.0
10,3.0,1.0,7.0,5.0,bottomsheet,4488,https://github.com/Flipboard/bottomsheet,1.0
0,2.0,1.0,18.0,6.0,google-authenticator,4484,https://github.com/google/google-authenticator,4.0
23,3.0,1.0,17.0,4.0,CloudReader,4461,https://github.com/youlookwhat/CloudReader,3.0
11,4.0,1.0,15.0,5.0,Douya,4461,https://github.com/zhanghai/Douya,4.0
1,3.0,1.0,23.0,4.0,lanproxy,4457,https://github.com/ffay/lanproxy,3.0
26,4.0,1.0,10.0,6.0,btrace,4440,https://github.com/btraceio/btrace,2.0
0,2.0,1.0,9.0,6.0,SwitchButton,4432,https://github.com/kyleduo/SwitchButton,2.0
14,4.0,1.0,26.5,4.0,PageIndicatorView,4430,https://github.com/romandanylyk/PageIndicatorView,6.0
0,4.0,1.0,8.0,8.0,android-times-square,4429,https://github.com/square/android-times-square,1.0
44,2.0,1.0,11.0,3.0,smartTable,4414,https://github.com/huangyanbin/smartTable,3.0
0,1.0,1.0,22.0,4.0,android-tips-tricks,4400,https://github.com/nisrulz/android-tips-tricks,6.0
0,1.5,1.0,9.5,2.0,Leaf,4396,https://github.com/Meituan-Dianping/Leaf,3.0
1,3.0,1.0,30.0,4.0,bilibili-android-client,4389,https://github.com/HotBitmapGG/bilibili-android-client,6.0
25,4.0,1.0,23.0,10.0,opentsdb,4382,https://github.com/OpenTSDB/opentsdb,6.0
37,1.0,1.0,10.0,5.0,PLDroidPlayer,4377,https://github.com/pili-engineering/PLDroidPlayer,2.5
5,4.0,1.0,17.5,4.0,chuck,4373,https://github.com/jgilfelt/chuck,3.0
0,3.0,1.0,20.0,7.0,android-volley,4373,https://github.com/mcxiaoke/android-volley,4.0
3,3.0,1.0,8.0,3.0,COLA,4358,https://github.com/alibaba/COLA,1.0
0,,,,2.0,jvm,4353,https://github.com/doocs/jvm,
1,4.0,1.0,13.0,9.0,wiremock,4351,https://github.com/tomakehurst/wiremock,3.0
0,2.0,1.0,19.0,5.0,dexposed,4350,https://github.com/alibaba/dexposed,3.0
9,3.0,1.0,12.5,7.0,SmoothProgressBar,4344,https://github.com/castorflex/SmoothProgressBar,3.0
0,4.0,1.0,12.5,9.0,spring-security-oauth,4342,https://github.com/spring-projects/spring-security-oauth,2.0
0,3.0,1.0,12.0,4.0,android-mvp-architecture,4312,https://github.com/MindorksOpenSource/android-mvp-architecture,3.5
0,8.0,1.0,19.0,9.0,jOOQ,4305,https://github.com/jOOQ/jOOQ,6.0
0,4.0,1.0,8.0,1.0,onemall,4302,https://github.com/YunaiV/onemall,0.0
2,6.0,1.0,14.5,6.0,spring-cloud-netflix,4301,https://github.com/spring-cloud/spring-cloud-netflix,2.0
2,3.0,1.0,20.0,5.0,quartz,4300,https://github.com/quartz-scheduler/quartz,4.0
0,5.0,1.0,7.0,2.0,SpringBlade,4284,https://github.com/chillzhuang/SpringBlade,1.0
0,4.0,1.0,14.0,7.0,coursera-android,4284,https://github.com/aporter/coursera-android,2.0
164,5.0,1.0,33.0,8.0,orientdb,4281,https://github.com/orientechnologies/orientdb,6.0
26,4.0,1.0,24.0,5.0,Aria,4279,https://github.com/AriaLyy/Aria,6.0
14,3.0,1.0,16.0,5.0,BasePopup,4277,https://github.com/razerdp/BasePopup,3.0
16,5.0,1.0,21.0,7.0,vavr,4276,https://github.com/vavr-io/vavr,4.0
44,5.0,1.0,21.0,9.0,hazelcast,4268,https://github.com/hazelcast/hazelcast,4.0
0,2.0,1.0,18.0,8.0,mapdb,4261,https://github.com/jankotek/mapdb,4.0
1,0.0,1.0,5.0,3.0,SDE-Interview-Questions,4258,https://github.com/twowaits/SDE-Interview-Questions,1.0
12,3.0,1.0,17.0,9.0,gephi,4252,https://github.com/gephi/gephi,4.0
16,5.5,1.0,34.0,5.0,BottomNavigation,4239,https://github.com/Ashok-Varma/BottomNavigation,6.0
18,2.0,1.0,12.0,8.0,quasar,4235,https://github.com/puniverse/quasar,2.0
12,2.0,1.0,10.5,3.0,jvm-sandbox,4223,https://github.com/alibaba/jvm-sandbox,2.0
8,3.0,1.0,10.0,2.0,v9porn,4218,https://github.com/techGay/v9porn,2.0
61,4.0,1.0,11.0,5.0,FirebaseUI-Android,4201,https://github.com/firebase/FirebaseUI-Android,2.5
0,3.0,1.0,31.0,4.0,JS-Sorting-Algorithm,4176,https://github.com/hustcc/JS-Sorting-Algorithm,7.5
4,3.0,1.0,9.5,5.0,BGARefreshLayout-Android,4175,https://github.com/bingoogolapple/BGARefreshLayout-Android,2.0
43,4.0,1.0,13.0,2.0,sofa-boot,4174,https://github.com/sofastack/sofa-boot,2.0
5,3.0,1.0,13.0,5.0,ImagePicker,4171,https://github.com/jeasonlzy/ImagePicker,3.0
8,4.0,1.0,21.5,3.0,okdownload,4158,https://github.com/lingochamp/okdownload,5.0
3,2.0,1.0,18.0,5.0,GT,4156,https://github.com/Tencent/GT,3.0
214,4.0,1.0,13.0,7.0,byte-buddy,4156,https://github.com/raphw/byte-buddy,3.0
8,5.0,1.0,24.0,4.0,ksql,4143,https://github.com/confluentinc/ksql,5.0
45,3.0,1.0,13.0,1.0,metersphere,4132,https://github.com/metersphere/metersphere,3.0
23,4.0,1.0,32.5,7.0,java-jwt,4124,https://github.com/auth0/java-jwt,8.5
8,2.0,1.0,15.5,5.0,AndroidWiFiADB,4124,https://github.com/pedrovgs/AndroidWiFiADB,2.0
1,4.0,1.0,15.0,10.0,android-autofittextview,4115,https://github.com/grantland/android-autofittextview,3.0
98,3.0,1.0,15.0,2.0,Discovery,4110,https://github.com/Nepxion/Discovery,3.0
8,2.0,1.0,8.0,4.0,FastBle,4099,https://github.com/Jasonchenlijian/FastBle,2.0
3,4.0,1.0,32.0,9.0,crawler4j,4085,https://github.com/yasserg/crawler4j,6.0
9,4.0,1.0,35.0,4.0,ticker,4082,https://github.com/robinhood/ticker,4.0
0,3.0,1.0,19.0,5.0,groovy,4074,https://github.com/apache/groovy,4.0
0,3.0,1.0,11.0,4.0,CoordinatorTabLayout,4056,https://github.com/hugeterry/CoordinatorTabLayout,3.0
1,2.5,1.0,12.0,6.0,Phoenix,4045,https://github.com/Yalantis/Phoenix,1.0
0,3.0,2.0,19.0,6.0,FloatingActionButton,4041,https://github.com/makovkastar/FloatingActionButton,3.0
13,7.0,2.0,27.0,4.0,StepView,4033,https://github.com/baoyachi/StepView,2.0
2,2.0,1.0,6.0,4.0,ShineButton,4019,https://github.com/ChadCSong/ShineButton,1.0
14,3.0,1.0,10.0,5.0,JKeyboardPanelSwitch,4017,https://github.com/Jacksgong/JKeyboardPanelSwitch,3.0
0,6.0,2.0,14.0,4.0,ViewPagerCards,4002,https://github.com/rubensousa/ViewPagerCards,3.0
0,3.0,1.0,13.0,7.0,reactive-streams-jvm,3984,https://github.com/reactive-streams/reactive-streams-jvm,2.0
0,3.0,1.0,28.0,4.0,roncoo-pay,3983,https://github.com/roncoo/roncoo-pay,7.0
27,4.0,1.0,26.0,2.0,EdXposed,3975,https://github.com/ElderDrivers/EdXposed,7.0
0,3.0,2.0,12.0,6.0,BGABanner-Android,3975,https://github.com/bingoogolapple/BGABanner-Android,3.0
5,5.0,1.0,25.0,6.0,hbase,3974,https://github.com/apache/hbase,5.0
48,3.0,1.0,15.0,7.0,Android-IMSI-Catcher-Detector,3974,https://github.com/CellularPrivacy/Android-IMSI-Catcher-Detector,2.0
0,3.0,1.0,19.0,6.0,ysoserial,3973,https://github.com/frohoff/ysoserial,3.0
17,1.0,1.0,13.0,7.0,Luyten,3972,https://github.com/deathmarine/Luyten,2.0
3,3.0,1.0,8.0,5.0,RxJavaSamples,3970,https://github.com/rengwuxian/RxJavaSamples,1.0
6,2.0,1.0,13.0,2.0,SoloPi,3970,https://github.com/alipay/SoloPi,2.0
0,1.0,1.0,24.0,4.0,uid-generator,3969,https://github.com/baidu/uid-generator,6.0
0,4.0,1.0,13.0,4.0,LoadingDrawable,3964,https://github.com/dinuscxj/LoadingDrawable,2.0
22,4.0,1.0,25.0,7.0,jstorm,3954,https://github.com/alibaba/jstorm,5.0
11,2.0,1.0,9.0,7.0,Bolts-Android,3947,https://github.com/BoltsFramework/Bolts-Android,1.0
38,3.0,1.0,10.0,3.0,Tangram-Android,3946,https://github.com/alibaba/Tangram-Android,3.0
13,2.0,1.0,34.0,4.0,Robust,3943,https://github.com/Meituan-Dianping/Robust,6.0
11,3.0,1.0,19.0,5.0,DeepLinkDispatch,3940,https://github.com/airbnb/DeepLinkDispatch,4.0
0,3.0,1.0,9.0,1.0,gpmall,3935,https://github.com/2227324689/gpmall,2.0
15,1.0,1.0,9.0,7.0,cglib,3931,https://github.com/cglib/cglib,2.0
0,5.0,1.0,24.0,10.0,plantuml,3930,https://github.com/plantuml/plantuml,5.0
0,2.0,1.0,4.0,7.0,spring-data-examples,3928,https://github.com/spring-projects/spring-data-examples,1.0
17,6.0,1.0,22.0,4.0,flowable-engine,3924,https://github.com/flowable/flowable-engine,5.0
14,4.0,1.0,12.0,3.0,tx-lcn,3921,https://github.com/codingapi/tx-lcn,2.0
5,2.0,1.0,21.0,4.0,BadgeView,3920,https://github.com/qstumn/BadgeView,2.0
40,2.0,1.0,9.5,8.0,ribbon,3919,https://github.com/Netflix/ribbon,2.0
0,3.0,1.0,11.0,7.0,android-iconify,3918,https://github.com/JoanZapata/android-iconify,3.0
23,5.0,1.0,21.0,4.0,Lawnchair,3905,https://github.com/LawnchairLauncher/Lawnchair,5.0
18,4.0,1.0,20.0,4.0,janusgraph,3898,https://github.com/JanusGraph/janusgraph,5.0
1,3.0,1.0,13.5,7.0,bitcoinj,3892,https://github.com/bitcoinj/bitcoinj,3.0
0,1.0,1.0,11.0,2.0,JGrowing,3892,https://github.com/javagrowing/JGrowing,2.0
0,1.5,1.0,6.5,7.0,libsvm,3884,https://github.com/cjlin1/libsvm,1.0
7,5.0,2.0,24.0,6.0,CircleIndicator,3877,https://github.com/ongakuer/CircleIndicator,3.0
14,2.0,1.0,10.0,5.0,ahbottomnavigation,3865,https://github.com/aurelhubert/ahbottomnavigation,2.0
0,2.0,1.0,12.0,5.0,TwinklingRefreshLayout,3859,https://github.com/lcodecorex/TwinklingRefreshLayout,2.0
11,3.0,1.0,27.0,5.0,google-java-format,3852,https://github.com/google/google-java-format,5.0
83,4.0,1.0,20.0,6.0,lettuce-core,3839,https://github.com/lettuce-io/lettuce-core,5.0
31,4.0,1.0,11.0,3.0,OpenHub,3831,https://github.com/ThirtyDegreesRay/OpenHub,3.0
0,3.0,1.0,6.0,8.0,roboguice,3827,https://github.com/roboguice/roboguice,1.0
0,3.0,1.0,8.5,2.0,Spring-Boot-In-Action,3827,https://github.com/hansonwang99/Spring-Boot-In-Action,2.0
0,5.0,1.0,37.0,3.0,xpay,3814,https://github.com/Exrick/xpay,8.0
0,3.0,1.0,38.0,6.0,XCL-Charts,3814,https://github.com/xcltapestry/XCL-Charts,7.0
13,1.0,1.0,22.0,10.0,JSON-java,3807,https://github.com/stleary/JSON-java,6.0
4,4.0,1.0,15.0,6.0,ExpandableTextView,3807,https://github.com/Manabu-GT/ExpandableTextView,4.0
0,7.0,1.0,51.0,7.0,api-samples,3795,https://github.com/youtube/api-samples,6.0
0,2.5,1.0,34.0,5.0,shopping-management-system,3788,https://github.com/zhanglei-workspace/shopping-management-system,6.5
93,3.0,1.0,19.0,7.0,Conversations,3784,https://github.com/iNPUTmice/Conversations,5.0
24,3.5,1.0,21.0,4.0,objectbox-java,3776,https://github.com/objectbox/objectbox-java,4.0
19,4.0,1.0,22.0,5.0,Conductor,3760,https://github.com/bluelinelabs/Conductor,5.0
22,2.0,1.0,16.5,6.0,hawk,3760,https://github.com/orhanobut/hawk,5.5
6,2.0,1.0,10.0,5.0,MaterialSearchView,3758,https://github.com/MiguelCatalan/MaterialSearchView,3.0
0,4.0,1.0,14.0,6.0,ignite,3758,https://github.com/apache/ignite,3.0
9,2.0,1.0,13.0,3.0,FloatWindow,3754,https://github.com/yhaolpz/FloatWindow,3.5
19,2.0,1.0,9.0,8.0,mapstruct,3733,https://github.com/mapstruct/mapstruct,2.0
0,3.0,1.0,31.0,7.0,java-algorithms-implementation,3727,https://github.com/phishman3579/java-algorithms-implementation,8.0
43,4.0,1.0,30.0,7.0,transmittable-thread-local,3719,https://github.com/alibaba/transmittable-thread-local,8.0
40,3.0,1.0,11.0,3.0,CameraView,3718,https://github.com/natario1/CameraView,2.0
0,3.0,1.0,14.0,5.0,NoHttp,3710,https://github.com/yanzhenjie/NoHttp,4.0
0,3.0,1.0,10.0,4.0,BigImageViewer,3697,https://github.com/Piasy/BigImageViewer,2.0
0,4.0,1.0,15.0,3.0,CC,3689,https://github.com/luckybilly/CC,3.0
0,2.0,1.0,8.0,6.0,sticky-headers-recyclerview,3688,https://github.com/timehop/sticky-headers-recyclerview,2.0
0,4.0,1.0,20.0,6.0,Gadgetbridge,3678,https://github.com/Freeyourgadget/Gadgetbridge,4.0
0,5.0,1.0,17.0,11.0,camel,3671,https://github.com/apache/camel,2.0
0,3.0,1.0,19.5,8.0,greys-anatomy,3664,https://github.com/oldmanpushcart/greys-anatomy,3.0
21,5.0,2.0,32.5,4.0,malmo,3653,https://github.com/microsoft/malmo,8.0
9,7.0,1.0,36.0,7.0,simplify,3649,https://github.com/CalebFenton/simplify,5.0
0,4.0,1.0,30.0,11.0,hive,3648,https://github.com/apache/hive,6.0
0,1.0,1.0,12.0,5.0,java-learning,3638,https://github.com/brianway/java-learning,2.0
0,3.0,1.0,10.0,3.0,spring-boot-projects,3636,https://github.com/ZHENFENG13/spring-boot-projects,4.0
0,2.0,1.0,11.5,5.0,RichText,3629,https://github.com/zzhoujay/RichText,2.0
1,4.0,1.0,13.0,2.0,soul,3628,https://github.com/dromara/soul,2.0
0,6.0,2.0,24.0,6.0,CircleProgress,3622,https://github.com/lzyzsd/CircleProgress,4.0
26,6.0,1.0,24.0,9.0,javaparser,3618,https://github.com/javaparser/javaparser,5.0
2,4.0,1.0,13.0,7.0,emojicon,3615,https://github.com/rockerhieu/emojicon,3.0
22,3.0,1.0,15.0,3.0,Launcher3,3612,https://github.com/amirzaidi/Launcher3,3.0
0,5.0,1.0,15.0,8.0,moco,3611,https://github.com/dreamhead/moco,3.0
0,2.0,1.0,7.0,6.0,learning-spark,3610,https://github.com/databricks/learning-spark,1.0
5,4.0,1.0,36.0,9.0,GCViewer,3605,https://github.com/chewiebug/GCViewer,6.0
0,1.0,1.0,6.0,7.0,reflections,3604,https://github.com/ronmamo/reflections,0.0
48,4.0,1.0,35.0,8.0,azkaban,3602,https://github.com/azkaban/azkaban,6.0
0,2.0,1.0,30.0,7.0,ASimpleCache,3599,https://github.com/yangfuhai/ASimpleCache,5.0
0,5.0,1.0,14.0,4.0,Store,3598,https://github.com/nytimes/Store,3.0
0,3.0,1.0,9.0,10.0,rstudio,3593,https://github.com/rstudio/rstudio,2.0
0,2.0,1.0,35.0,6.0,android-common,3590,https://github.com/litesuits/android-common,8.0
0,3.0,1.0,9.0,7.0,parceler,3589,https://github.com/johncarl81/parceler,2.0
0,3.0,1.0,12.5,4.0,StylishMusicPlayer,3583,https://github.com/ryanhoo/StylishMusicPlayer,3.0
0,8.0,1.0,10.0,3.0,lamp-cloud,3571,https://github.com/zuihou/lamp-cloud,1.0
0,3.0,1.0,16.0,1.0,InternetArchitect,3569,https://github.com/bjmashibing/InternetArchitect,3.0
55,3.0,1.0,47.0,10.0,YCSB,3565,https://github.com/brianfrankcooper/YCSB,10.0
0,4.0,1.0,23.0,10.0,drools,3550,https://github.com/kiegroup/drools,5.0
2,3.0,1.0,6.0,5.0,DropDownMenu,3546,https://github.com/dongjunkun/DropDownMenu,2.0
0,1.0,1.0,5.5,7.0,retrolambda,3545,https://github.com/luontola/retrolambda,1.0
0,2.0,1.5,20.5,5.0,ExplosionField,3543,https://github.com/tyrantgit/ExplosionField,2.5
0,5.0,1.0,28.0,4.0,aws-doc-sdk-examples,3539,https://github.com/awsdocs/aws-doc-sdk-examples,4.0
1,2.5,1.0,18.5,4.0,AndroidHttpCapture,3538,https://github.com/JZ-Darkal/AndroidHttpCapture,4.0
906,5.0,1.0,23.0,8.0,Anki-Android,3534,https://github.com/ankidroid/Anki-Android,5.0
14,4.0,1.0,20.0,2.0,AndroidProject,3533,https://github.com/getActivity/AndroidProject,3.0
2,2.0,1.0,12.0,6.0,SwipeMenuListView,3532,https://github.com/baoyongzhang/SwipeMenuListView,2.0
13,3.0,1.0,13.0,3.0,SmartCropper,3530,https://github.com/pqpo/SmartCropper,4.0
37,3.0,1.0,19.5,8.0,jodd,3529,https://github.com/oblac/jodd,4.0
0,4.0,1.0,11.0,3.0,hmily,3518,https://github.com/dromara/hmily,2.0
3,3.0,1.0,15.0,4.0,spruce-android,3515,https://github.com/willowtreeapps/spruce-android,3.0
10,2.0,1.0,20.0,6.0,RecyclerViewPager,3513,https://github.com/lsjwzh/RecyclerViewPager,2.0
0,6.0,1.0,28.0,11.0,aws-sdk-java,3510,https://github.com/aws/aws-sdk-java,8.0
0,4.0,1.0,23.0,4.0,vespa,3507,https://github.com/vespa-engine/vespa,5.0
0,0.0,1.0,5.0,7.0,android-stackblur,3507,https://github.com/kikoso/android-stackblur,0.0
0,4.0,1.0,17.0,4.0,MarqueeView,3506,https://github.com/sunfusheng/MarqueeView,2.0
54,4.0,1.0,19.0,5.0,incubator-heron,3506,https://github.com/apache/incubator-heron,4.0
0,2.0,1.0,7.0,5.0,floatingsearchview,3505,https://github.com/arimorty/floatingsearchview,2.0
41,4.0,1.0,13.0,2.0,onedev,3505,https://github.com/theonedev/onedev,2.0
0,4.0,1.0,14.0,10.0,atmosphere,3502,https://github.com/Atmosphere/atmosphere,4.0
0,3.0,1.0,23.0,7.0,frontend-maven-plugin,3500,https://github.com/eirslett/frontend-maven-plugin,5.0
0,2.0,1.0,11.0,4.0,GeekNews,3499,https://github.com/codeestX/GeekNews,2.0
0,3.0,1.0,20.0,4.0,rocketmq-externals,3497,https://github.com/apache/rocketmq-externals,4.0
0,4.0,1.0,15.0,4.0,AndroidTutorialForBeginners,3492,https://github.com/hussien89aa/AndroidTutorialForBeginners,3.0
0,2.0,1.0,21.0,5.0,thumbnailator,3490,https://github.com/coobird/thumbnailator,4.0
2,3.0,1.0,17.0,5.0,SeeWeather,3488,https://github.com/xcc3641/SeeWeather,3.0
92,5.0,1.0,23.5,5.0,reactor-core,3487,https://github.com/reactor/reactor-core,5.0
0,1.5,1.0,9.0,2.0,tech-weekly,3483,https://github.com/mercyblitz/tech-weekly,1.0
14,3.0,1.0,17.0,7.0,openhab1-addons,3482,https://github.com/openhab/openhab1-addons,4.0
20,4.0,2.0,11.0,6.0,GmsCore,3476,https://github.com/microg/GmsCore,2.0
0,2.0,1.0,13.0,4.0,GuideView,3472,https://github.com/binIoter/GuideView,2.0
104,4.0,1.0,17.0,7.0,bisq,3471,https://github.com/bisq-network/bisq,3.0
16,2.0,1.0,11.0,6.0,powermock,3459,https://github.com/powermock/powermock,2.0
34,5.0,1.0,27.0,8.0,AntennaPod,3446,https://github.com/AntennaPod/AntennaPod,6.0
8,3.0,1.0,17.0,7.0,android-butterknife-zelezny,3433,https://github.com/avast/android-butterknife-zelezny,3.0
0,4.0,1.0,17.0,5.0,ThreeTenABP,3431,https://github.com/JakeWharton/ThreeTenABP,3.0
6,4.0,2.0,74.0,6.0,javacpp,3429,https://github.com/bytedeco/javacpp,22.0
0,1.5,1.0,41.5,1.0,tech-interview-for-developer,3429,https://github.com/gyoogle/tech-interview-for-developer,7.5
3,7.5,2.0,33.5,4.0,MagicaSakura,3426,https://github.com/bilibili/MagicaSakura,8.5
0,4.0,1.0,7.0,1.0,springcloud-learning,3417,https://github.com/macrozheng/springcloud-learning,1.0
0,3.0,1.0,33.0,5.0,hackpad,3414,https://github.com/dropbox/hackpad,7.0
0,3.0,1.0,15.5,2.0,giffun,3411,https://github.com/guolindev/giffun,4.0
2,3.5,2.0,19.5,4.0,Music-Player,3407,https://github.com/andremion/Music-Player,3.0
0,4.0,1.0,14.0,11.0,shiro,3406,https://github.com/apache/shiro,3.0
0,3.0,1.0,13.0,6.0,android-priority-jobqueue,3399,https://github.com/yigit/android-priority-jobqueue,2.0
30,4.0,1.0,16.0,5.0,FlexibleAdapter,3396,https://github.com/davideas/FlexibleAdapter,4.0
38,2.0,1.0,5.0,4.0,SuperTextView,3379,https://github.com/lygttpod/SuperTextView,1.0
0,3.5,1.0,16.5,5.0,archi,3372,https://github.com/ivacf/archi,3.5
0,5.0,1.0,22.0,5.0,failsafe,3370,https://github.com/jhalterman/failsafe,4.0
0,4.0,1.0,8.0,2.0,springboot-guide,3367,https://github.com/Snailclimb/springboot-guide,1.0
33,2.0,1.0,15.0,5.0,react-native-webrtc,3363,https://github.com/react-native-webrtc/react-native-webrtc,4.0
3,5.0,1.0,23.5,4.0,blurkit-android,3361,https://github.com/CameraKit/blurkit-android,2.5
5,3.0,1.0,16.0,6.0,open-location-code,3355,https://github.com/google/open-location-code,2.0
37,5.0,2.0,29.0,8.0,linuxdeploy,3345,https://github.com/meefik/linuxdeploy,7.0
10,2.0,1.0,19.0,4.0,SSM,3343,https://github.com/crossoverJie/SSM,5.0
1,3.0,2.0,14.0,4.0,ChatKit,3335,https://github.com/stfalcon-studio/ChatKit,3.0
11,3.0,1.0,14.0,6.0,CustomActivityOnCrash,3324,https://github.com/Ereza/CustomActivityOnCrash,2.0
63,3.0,2.0,11.0,8.0,pmd,3321,https://github.com/pmd/pmd,3.0
97,3.0,1.0,17.0,5.0,actor-platform,3310,https://github.com/actorapp/actor-platform,4.0
11,2.0,1.0,40.0,4.0,gnirehtet,3309,https://github.com/Genymobile/gnirehtet,6.0
7,3.0,1.0,20.0,7.0,jitsi,3308,https://github.com/jitsi/jitsi,5.0
9,3.0,1.0,16.5,4.0,mpush,3304,https://github.com/mpusher/mpush,4.0
0,4.0,1.0,17.0,6.0,dddsample-core,3300,https://github.com/citerus/dddsample-core,3.0
4,2.0,1.0,13.0,6.0,Android-Week-View,3299,https://github.com/alamkanak/Android-Week-View,2.0
37,4.0,1.0,19.0,2.0,sofa-rpc,3294,https://github.com/sofastack/sofa-rpc,4.0
3,5.0,1.0,12.0,3.0,rejoiner,3288,https://github.com/google/rejoiner,3.0
30,3.0,1.0,17.0,3.0,DKVideoPlayer,3285,https://github.com/Doikki/DKVideoPlayer,4.0
83,3.0,1.0,14.0,3.0,lbry-android,3278,https://github.com/lbryio/lbry-android,3.0
2,2.0,1.0,7.0,4.0,SwipeDelMenuLayout,3265,https://github.com/mcxtzhang/SwipeDelMenuLayout,1.0
242,6.0,1.0,26.5,4.0,conductor,3263,https://github.com/Netflix/conductor,4.0
0,2.0,1.0,12.0,5.0,99-problems,3262,https://github.com/shekhargulati/99-problems,3.0
20,4.0,1.0,8.0,5.0,spring-boot-starter,3261,https://github.com/mybatis/spring-boot-starter,2.0
0,4.5,1.0,19.5,5.0,MyBatis-Spring-Boot,3257,https://github.com/abel533/MyBatis-Spring-Boot,4.5
3,3.0,1.0,13.0,3.0,AppUpdate,3254,https://github.com/WVector/AppUpdate,3.0
4,2.0,1.0,10.0,3.0,ScalingLayout,3244,https://github.com/iammert/ScalingLayout,2.0
0,3.0,1.0,15.0,6.0,LoganSquare,3240,https://github.com/bluelinelabs/LoganSquare,2.5
0,0.0,1.0,21.0,5.0,Android-Tips,3238,https://github.com/tangqi92/Android-Tips,4.0
0,2.0,1.0,35.5,6.0,DataMiningAlgorithm,3235,https://github.com/linyiqun/DataMiningAlgorithm,9.0
50,4.0,1.0,20.0,6.0,AmazeFileManager,3235,https://github.com/TeamAmaze/AmazeFileManager,4.0
0,2.0,1.0,20.0,4.0,LQRWeChat,3232,https://github.com/GitLqr/LQRWeChat,4.0
0,1.0,1.0,25.0,4.0,AlgoDS,3231,https://github.com/sherxon/AlgoDS,8.0
0,2.0,1.0,10.0,8.0,XposedInstaller,3230,https://github.com/rovo89/XposedInstaller,2.0
0,2.0,1.0,17.0,6.0,mybatis,3225,https://github.com/tuguangquan/mybatis,4.0
162,3.0,1.0,24.0,8.0,opengrok,3224,https://github.com/oracle/opengrok,4.0
0,2.0,1.0,11.0,7.0,tiny-spring,3222,https://github.com/code4craft/tiny-spring,2.0
7,2.0,1.0,11.0,4.0,PreviewSeekBar,3222,https://github.com/rubensousa/PreviewSeekBar,3.0
0,2.0,1.0,12.0,8.0,drag-sort-listview,3219,https://github.com/bauerca/drag-sort-listview,2.0
32,3.0,1.0,12.0,9.0,querydsl,3218,https://github.com/querydsl/querydsl,2.0
5,6.0,1.0,11.0,2.0,xboot,3217,https://github.com/Exrick/xboot,2.0
1,4.0,1.0,17.0,4.0,boxing,3213,https://github.com/bilibili/boxing,5.0
0,5.0,2.0,27.0,7.0,ActionBar-PullToRefresh,3213,https://github.com/chrisbanes/ActionBar-PullToRefresh,3.0
4,2.0,1.0,12.0,3.0,DDComponentForAndroid,3213,https://github.com/luojilab/DDComponentForAndroid,3.0
19,5.0,1.0,33.5,7.0,android-maps-utils,3210,https://github.com/googlemaps/android-maps-utils,6.0
2,4.0,1.0,13.0,2.0,hope-boot,3201,https://github.com/hope-for/hope-boot,3.0
0,2.0,1.0,25.0,8.0,afinal,3196,https://github.com/yangfuhai/afinal,6.5
3,3.0,2.0,17.5,8.0,android-saripaar,3192,https://github.com/ragunathjawahar/android-saripaar,4.0
0,3.0,1.0,17.0,3.0,Guns,3190,https://github.com/stylefeng/Guns,5.0
41,1.0,1.0,8.0,5.0,cucumber,3182,https://github.com/cucumber/cucumber,1.0
4,3.0,1.0,17.0,5.0,GalleryFinal,3181,https://github.com/pengjianbo/GalleryFinal,4.0
129,2.0,1.0,11.0,5.0,NetGuard,3172,https://github.com/M66B/NetGuard,2.0
0,3.0,1.0,18.0,4.0,runelite,3172,https://github.com/runelite/runelite,3.0
36,3.0,1.0,18.0,3.0,data-transfer-project,3172,https://github.com/google/data-transfer-project,4.0
0,5.0,2.0,22.0,7.0,Android,3168,https://github.com/hmkcode/Android,3.0
19,3.0,1.0,13.0,4.0,BottomNavigationViewEx,3166,https://github.com/ittianyu/BottomNavigationViewEx,3.0
4,2.0,1.0,9.0,6.0,AndroidViewHover,3165,https://github.com/daimajia/AndroidViewHover,2.0
0,2.0,1.0,6.0,9.0,http-request,3165,https://github.com/kevinsawicki/http-request,1.0
26,3.0,1.0,14.5,4.0,groupie,3165,https://github.com/lisawray/groupie,4.0
7,3.0,1.0,15.0,5.0,LeafPic,3164,https://github.com/UnevenSoftware/LeafPic,3.0
0,3.0,1.0,37.0,4.0,Play-with-Algorithms,3159,https://github.com/liuyubobobo/Play-with-Algorithms,11.0
130,2.0,1.0,22.0,4.0,light-4j,3156,https://github.com/networknt/light-4j,4.0
0,4.0,1.0,20.0,7.0,netty-learning,3155,https://github.com/code4craft/netty-learning,4.0
4,1.0,1.0,12.0,6.0,GsonFormat,3151,https://github.com/zzz40500/GsonFormat,2.0
0,2.0,1.0,10.0,8.0,cordova-android,3144,https://github.com/apache/cordova-android,2.0
0,4.0,1.0,19.0,9.0,XChange,3139,https://github.com/knowm/XChange,4.0
0,6.0,2.0,21.0,5.0,animate,3134,https://github.com/hitherejoe/animate,4.0
0,3.0,1.0,26.0,8.0,databus,3130,https://github.com/linkedin/databus,6.0
0,6.0,1.0,26.0,8.0,mockserver,3129,https://github.com/mock-server/mockserver,6.0
0,3.0,1.0,8.0,3.0,Skeleton,3127,https://github.com/ethanhua/Skeleton,2.0
0,3.0,1.0,10.0,4.0,native-navigation,3124,https://github.com/airbnb/native-navigation,2.0
14,7.0,4.0,45.0,8.0,lwjgl3,3124,https://github.com/LWJGL/lwjgl3,13.0
0,3.0,1.0,23.0,8.0,jfinal,3122,https://github.com/jfinal/jfinal,6.0
2,1.0,1.0,7.0,5.0,TinyPinyin,3121,https://github.com/promeG/TinyPinyin,1.0
30,4.0,1.0,25.0,9.0,graphhopper,3117,https://github.com/graphhopper/graphhopper,5.0
2,2.5,1.0,20.0,6.0,network-connection-class,3116,https://github.com/facebookarchive/network-connection-class,3.5
2,3.0,1.0,29.0,3.0,dubbo-admin,3105,https://github.com/apache/dubbo-admin,6.0
0,3.0,1.0,21.0,6.0,TextDrawable,3100,https://github.com/amulyakhare/TextDrawable,6.0
0,5.0,1.0,19.0,4.0,AutoDispose,3099,https://github.com/uber/AutoDispose,5.0
0,3.0,1.0,18.0,9.0,AndEngine,3096,https://github.com/nicolasgramlich/AndEngine,4.5
17,1.0,1.0,12.0,7.0,javassist,3094,https://github.com/jboss-javassist/javassist,2.0
0,2.0,1.0,17.0,1.0,views-widgets-samples,3089,https://github.com/android/views-widgets-samples,4.0
0,2.0,1.0,13.0,5.0,StickerCamera,3083,https://github.com/Skykai521/StickerCamera,3.0
16,4.0,1.0,15.0,9.0,jetty.project,3082,https://github.com/eclipse/jetty.project,3.0
30,2.0,1.0,8.5,3.0,SuperTextView,3076,https://github.com/chenBingX/SuperTextView,2.0
0,5.0,1.0,28.0,10.0,jvm-serializers,3074,https://github.com/eishay/jvm-serializers,3.0
0,2.5,1.0,11.0,4.0,android-adDialog,3070,https://github.com/yipianfengye/android-adDialog,2.0
44,5.0,1.0,35.0,8.0,android,3066,https://github.com/owncloud/android,6.0
0,2.0,1.0,29.0,8.0,libstreaming,3062,https://github.com/fyhertz/libstreaming,6.0
0,5.0,2.0,21.0,6.0,vertx-examples,3062,https://github.com/vert-x3/vertx-examples,3.0
0,3.0,1.0,13.0,5.0,VideoPlayerManager,3060,https://github.com/danylovolokh/VideoPlayerManager,4.0
8,5.0,1.0,31.0,8.0,Crouton,3059,https://github.com/keyboardsurfer/Crouton,4.0
0,3.0,1.0,17.0,6.0,RecyclerViewItemAnimators,3059,https://github.com/gabrielemariotti/RecyclerViewItemAnimators,3.0
0,0.0,1.0,14.0,3.0,yanxuan-weex-demo,3054,https://github.com/zwwill/yanxuan-weex-demo,0.0
18,4.0,1.0,16.0,2.0,XUI,3053,https://github.com/xuexiangjys/XUI,4.0
1,3.0,1.0,19.0,7.0,cobar,3052,https://github.com/alibaba/cobar,4.0
0,2.0,1.0,7.0,5.0,Highlight,3047,https://github.com/hongyangAndroid/Highlight,2.0
43,3.0,1.0,10.0,5.0,requery,3046,https://github.com/requery/requery,2.5
11,3.5,1.0,11.0,4.0,ChipsLayoutManager,3044,https://github.com/BelooS/ChipsLayoutManager,3.0
0,2.0,1.0,5.0,9.0,android-viewbadger,3041,https://github.com/jgilfelt/android-viewbadger,1.0
56,4.0,1.0,17.0,10.0,Terasology,3030,https://github.com/MovingBlocks/Terasology,4.0
2,3.0,1.0,22.0,3.0,sofa-jarslink,3025,https://github.com/sofastack/sofa-jarslink,3.0
23,5.0,1.0,24.0,7.0,crate,3017,https://github.com/crate/crate,5.0
0,4.0,1.0,27.0,6.0,kylin,3013,https://github.com/apache/kylin,5.0
180,5.0,1.0,19.0,5.0,armeria,3010,https://github.com/line/armeria,4.0
8,4.0,1.0,13.0,2.0,UETool,3006,https://github.com/eleme/UETool,3.0
10,4.0,1.0,14.0,6.0,DraggablePanel,3006,https://github.com/pedrovgs/DraggablePanel,4.0
86,2.0,1.0,9.0,4.0,web3j,3005,https://github.com/web3j/web3j,2.0
1,4.0,2.0,22.0,8.0,robospice,3003,https://github.com/stephanenicolas/robospice,4.0
2,3.0,1.0,17.0,5.0,MultiImageSelector,3001,https://github.com/lovetuzitong/MultiImageSelector,3.0
7,2.0,1.0,13.0,4.0,volley,3001,https://github.com/google/volley,3.0
8,1.0,1.0,13.0,6.0,ffmpeg-android-java,2999,https://github.com/WritingMinds/ffmpeg-android-java,4.0
22,5.5,2.0,14.5,5.0,react-native-fbsdk,2992,https://github.com/facebook/react-native-fbsdk,3.0
10,4.0,1.0,17.0,8.0,easy-rules,2986,https://github.com/j-easy/easy-rules,4.0
1,4.5,2.0,19.0,6.0,android-process-button,2984,https://github.com/dmytrodanylyk/android-process-button,3.0
1,2.0,2.0,13.0,4.0,ViewpagerTransition,2983,https://github.com/xmuSistone/ViewpagerTransition,3.0
8,5.0,1.0,31.0,6.0,incubator-pinot,2981,https://github.com/apache/incubator-pinot,6.0
0,3.0,1.0,9.0,3.0,RxEasyHttp,2974,https://github.com/zhou-you/RxEasyHttp,2.0
0,3.0,1.0,18.5,3.0,ForestBlog,2972,https://github.com/saysky/ForestBlog,5.0
0,2.0,1.0,8.0,5.0,MarsDaemon,2962,https://github.com/Marswin/MarsDaemon,2.0
14,5.0,1.0,38.5,7.0,usb-serial-for-android,2959,https://github.com/mik3y/usb-serial-for-android,5.0
0,3.5,1.0,11.0,5.0,Nuwa,2954,https://github.com/jasonross/Nuwa,1.5
2,2.0,1.0,6.0,4.0,DSBridge-Android,2950,https://github.com/wendux/DSBridge-Android,1.0
0,3.0,1.0,17.0,8.0,undertow,2950,https://github.com/undertow-io/undertow,3.0
0,5.0,2.0,28.5,6.0,Sunshine-Version-2,2946,https://github.com/udacity/Sunshine-Version-2,5.5
1,2.0,1.0,9.0,4.0,citypicker,2940,https://github.com/crazyandcoder/citypicker,2.0
0,6.0,1.0,26.0,2.0,trino,2938,https://github.com/trinodb/trino,5.0
3,6.0,2.0,23.0,7.0,librec,2935,https://github.com/guoguibing/librec,6.0
1,2.0,1.0,181.5,12.0,yuicompressor,2932,https://github.com/yui/yuicompressor,41.0
12,2.0,1.0,12.0,4.0,BubbleSeekBar,2924,https://github.com/woxingxiao/BubbleSeekBar,2.5
1,1.0,1.0,6.0,6.0,JustTrustMe,2923,https://github.com/Fuzion24/JustTrustMe,1.0
20,3.0,1.0,8.0,3.0,NewbieGuide,2923,https://github.com/huburt-Hu/NewbieGuide,1.0
14,4.5,1.0,12.5,5.0,LikeButton,2922,https://github.com/jd-alexander/LikeButton,2.5
0,1.0,1.0,9.5,3.0,NullAway,2915,https://github.com/uber/NullAway,2.0
30,4.0,1.0,11.0,8.0,jersey,2909,https://github.com/javaee/jersey,2.0
0,3.0,1.0,30.0,5.0,NLPIR,2909,https://github.com/NLPIR-team/NLPIR,5.5
0,6.0,1.0,17.0,4.0,spring-cloud-gateway,2905,https://github.com/spring-cloud/spring-cloud-gateway,3.0
0,5.0,2.0,12.0,7.0,FadingActionBar,2904,https://github.com/ManuelPeinado/FadingActionBar,2.0
24,4.0,1.0,25.0,9.0,JSqlParser,2902,https://github.com/JSQLParser/JSqlParser,7.0
3,3.0,1.0,12.0,3.0,epic,2897,https://github.com/tiann/epic,2.0
116,2.0,1.0,9.0,7.0,lombok-intellij-plugin,2892,https://github.com/mplushnikov/lombok-intellij-plugin,1.0
23,5.0,1.0,18.5,3.0,IJPay,2888,https://github.com/Javen205/IJPay,1.5
2,2.0,1.0,10.5,5.0,FlyRefresh,2887,https://github.com/race604/FlyRefresh,2.5
0,3.0,1.0,12.0,6.0,Android-Material-Examples,2884,https://github.com/saulmm/Android-Material-Examples,2.5
0,6.0,1.0,44.0,5.0,anthelion,2883,https://github.com/YahooArchive/anthelion,9.0
44,4.0,1.0,24.0,7.0,red5-server,2881,https://github.com/Red5/red5-server,6.0
0,4.0,1.0,29.0,7.0,cropper,2878,https://github.com/edmodo/cropper,4.0
0,3.0,1.0,16.0,5.0,android-vision,2872,https://github.com/googlesamples/android-vision,4.0
43,3.0,1.0,9.0,5.0,RxAndroidBle,2872,https://github.com/Polidea/RxAndroidBle,2.0
34,3.0,1.0,13.0,3.0,andOTP,2872,https://github.com/andOTP/andOTP,3.0
2,5.0,1.0,12.0,6.0,android-pathview,2871,https://github.com/geftimov/android-pathview,2.5
1,8.5,1.0,138.0,5.0,android-hidden-api,2869,https://github.com/anggrayudi/android-hidden-api,30.5
1,2.0,1.0,9.0,5.0,CityPicker,2868,https://github.com/zaaach/CityPicker,2.0
6,3.0,1.0,8.0,7.0,immutables,2866,https://github.com/immutables/immutables,2.0
5,4.0,1.0,16.0,2.0,BackgroundLibrary,2865,https://github.com/JavaNoober/BackgroundLibrary,4.0
11,5.0,2.0,40.0,8.0,DependencyCheck,2864,https://github.com/jeremylong/DependencyCheck,7.0
0,2.0,1.0,12.0,0.0,itstack-demo-design,2864,https://github.com/fuzhengwei/itstack-demo-design,3.0
13,3.0,1.0,17.0,5.0,PhotoPicker,2861,https://github.com/donglua/PhotoPicker,3.5
0,3.0,1.0,21.0,8.0,jvm-tools,2857,https://github.com/aragozin/jvm-tools,4.0
0,3.0,1.0,9.5,4.0,JavaEETest,2853,https://github.com/lenve/JavaEETest,2.0
2,3.0,1.0,14.0,6.0,Carbon,2848,https://github.com/ZieIony/Carbon,3.0
1,3.0,1.0,12.0,4.0,SlidingRootNav,2846,https://github.com/yarolegovich/SlidingRootNav,3.0
0,4.0,1.0,84.0,8.0,DeepLearning,2846,https://github.com/yusugomori/DeepLearning,22.0
7,4.5,1.5,6.5,7.0,AndroidResideMenu,2844,https://github.com/SpecialCyCi/AndroidResideMenu,2.0
0,4.0,1.0,25.0,8.0,android-flip,2844,https://github.com/openaphid/android-flip,4.5
0,2.0,1.0,11.5,3.0,RxJava2Examples,2841,https://github.com/nanchen2251/RxJava2Examples,2.0
2,3.0,1.0,13.0,4.0,AndroidChromium,2841,https://github.com/JackyAndroid/AndroidChromium,3.0
4,3.0,1.0,15.0,5.0,FastDev4Android,2837,https://github.com/jiangqqlmj/FastDev4Android,2.0
11,4.0,1.0,16.0,10.0,spock,2835,https://github.com/spockframework/spock,4.0
30,5.0,1.0,19.0,6.0,questdb,2826,https://github.com/questdb/questdb,4.0
19,3.0,1.0,22.0,8.0,elasticsearch-jdbc,2826,https://github.com/jprante/elasticsearch-jdbc,5.0
76,2.0,1.0,5.0,4.0,picocli,2824,https://github.com/remkop/picocli,0.0
0,4.0,1.0,10.0,4.0,StickyHeaderListView,2821,https://github.com/sunfusheng/StickyHeaderListView,2.0
2,5.0,2.0,21.5,5.0,android-percent-support-lib-sample,2821,https://github.com/JulienGenoud/android-percent-support-lib-sample,4.5
7,3.0,1.0,18.0,6.0,XhsEmoticonsKeyboard,2819,https://github.com/w446108264/XhsEmoticonsKeyboard,3.0
5,1.0,1.0,9.0,3.0,PRDownloader,2818,https://github.com/MindorksOpenSource/PRDownloader,1.0
12,6.0,1.0,32.0,2.0,okhttp-RxHttp,2818,https://github.com/liujingxing/okhttp-RxHttp,8.0
13,4.0,1.0,28.0,5.0,Unblock163MusicClient-Xposed,2815,https://github.com/bin456789/Unblock163MusicClient-Xposed,4.0
98,5.0,1.0,19.0,3.0,micrometer,2814,https://github.com/micrometer-metrics/micrometer,4.0
0,4.0,2.0,19.0,3.0,ShapeOfView,2813,https://github.com/florent37/ShapeOfView,4.0
164,4.0,1.0,27.0,5.0,HMCL,2812,https://github.com/huanghongxun/HMCL,5.0
0,4.0,1.0,13.0,6.0,AndroidTreeView,2807,https://github.com/bmelnychuk/AndroidTreeView,3.0
3,3.0,1.0,13.0,5.0,CountdownView,2807,https://github.com/iwgang/CountdownView,2.0
0,1.0,1.0,14.0,7.0,Java8InAction,2805,https://github.com/java8/Java8InAction,2.0
0,3.0,1.0,11.0,7.0,flow,2805,https://github.com/square/flow,2.0
11,1.0,1.0,11.0,2.0,android-mvp-mvvm-flytour,2803,https://github.com/mxdldev/android-mvp-mvvm-flytour,1.0
0,3.0,1.0,16.5,0.0,AarogyaSetu_Android,2801,https://github.com/nic-delhi/AarogyaSetu_Android,4.0
47,3.0,1.0,16.0,3.0,jetcache,2799,https://github.com/alibaba/jetcache,3.0
29,3.0,1.0,20.0,6.0,light-task-scheduler,2797,https://github.com/ltsopensource/light-task-scheduler,4.0
3,2.0,1.0,6.0,4.0,ActivityRouter,2796,https://github.com/mzule/ActivityRouter,1.0
1,3.0,1.0,10.0,4.0,Cockroach,2791,https://github.com/android-notes/Cockroach,1.0
8,3.0,1.0,23.0,1.0,bistoury,2791,https://github.com/qunarcorp/bistoury,5.0
0,2.0,1.0,7.0,4.0,booksource,2791,https://github.com/guolindev/booksource,1.0
55,4.0,1.0,19.0,2.0,baritone,2788,https://github.com/cabaletta/baritone,5.0
0,2.0,1.0,6.0,9.0,jackson-databind,2787,https://github.com/FasterXML/jackson-databind,1.0
0,3.0,1.0,24.0,6.0,WebCollector,2781,https://github.com/CrawlScript/WebCollector,5.0
0,2.0,1.0,28.0,4.0,leetcode,2780,https://github.com/gouthampradhan/leetcode,7.0
36,5.0,1.0,17.0,1.0,zfile,2777,https://github.com/zhaojun1998/zfile,3.0
0,2.0,1.0,28.5,3.0,CommonDevKnowledge,2776,https://github.com/AweiLoveAndroid/CommonDevKnowledge,9.0
1,4.0,2.0,13.0,4.0,ExpectAnim,2775,https://github.com/florent37/ExpectAnim,3.0
0,2.0,1.0,11.0,7.0,scalpel,2772,https://github.com/JakeWharton/scalpel,2.0
32,4.0,2.0,13.0,8.0,traccar,2769,https://github.com/traccar/traccar,1.0
31,2.0,1.0,9.0,2.0,igniter,2769,https://github.com/trojan-gfw/igniter,2.0
0,3.0,1.0,35.0,4.0,MSEC,2762,https://github.com/Tencent/MSEC,9.0
12,4.0,1.0,19.5,3.0,TableView,2760,https://github.com/evrencoskun/TableView,4.0
3,3.0,1.0,25.0,7.0,ice,2759,https://github.com/Teevity/ice,6.0
1,2.0,1.0,12.0,4.0,RxGalleryFinal,2758,https://github.com/FinalTeam/RxGalleryFinal,3.0
0,4.0,1.0,14.0,6.0,airpal,2752,https://github.com/airbnb/airpal,3.0
23,5.0,1.0,18.0,5.0,blueocean-plugin,2750,https://github.com/jenkinsci/blueocean-plugin,4.0
0,2.0,1.0,12.0,8.0,android-pdfview,2750,https://github.com/JoanZapata/android-pdfview,3.0
0,4.0,2.0,25.0,6.0,pixel-dungeon,2744,https://github.com/watabou/pixel-dungeon,4.0
0,3.0,1.0,14.0,4.0,T-MVP,2744,https://github.com/north2016/T-MVP,3.0
2,2.0,1.0,12.0,5.0,GuillotineMenu-Android,2743,https://github.com/Yalantis/GuillotineMenu-Android,2.0
9,2.5,1.0,13.5,3.0,PhotoEditor,2741,https://github.com/burhanrashid52/PhotoEditor,3.0
83,5.0,1.0,25.0,4.0,ballerina-lang,2741,https://github.com/ballerina-platform/ballerina-lang,5.0
18,3.0,1.0,14.0,4.0,PlayerBase,2740,https://github.com/jiajunhui/PlayerBase,4.0
12,6.0,2.0,52.0,5.0,h2database,2739,https://github.com/h2database/h2database,12.0
3,4.0,1.0,13.0,5.0,jwt-spring-security-demo,2733,https://github.com/szerhusenBC/jwt-spring-security-demo,2.0
0,4.0,2.0,22.0,5.0,WoWoViewPager,2732,https://github.com/Nightonke/WoWoViewPager,3.0
3,5.0,1.0,16.0,5.0,binnavi,2724,https://github.com/google/binnavi,2.0
0,2.0,1.0,12.0,5.0,Android-BluetoothKit,2723,https://github.com/dingjikerbo/Android-BluetoothKit,2.0
16,4.0,1.0,13.0,8.0,android-betterpickers,2721,https://github.com/code-troopers/android-betterpickers,2.0
6,3.0,1.5,12.5,3.0,LoadSir,2719,https://github.com/KingJA/LoadSir,2.0
0,3.0,1.0,11.0,5.0,CoCoin,2716,https://github.com/Nightonke/CoCoin,2.0
0,2.5,1.0,13.0,6.0,android-Camera2Basic,2714,https://github.com/googlearchive/android-Camera2Basic,2.0
0,1.0,1.0,23.0,4.0,Leetcode,2709,https://github.com/fishercoder1534/Leetcode,3.0
0,2.0,1.0,24.0,11.0,robotium,2708,https://github.com/RobotiumTech/robotium,4.0
0,1.0,1.0,12.5,2.0,effective-java-3e-source-code,2705,https://github.com/jbloch/effective-java-3e-source-code,2.0
13,2.0,1.0,8.0,3.0,SuperCalendar,2699,https://github.com/MagicMashRoom/SuperCalendar,2.0
0,2.0,1.0,10.0,5.0,AndroidProcess,2697,https://github.com/wenmingvs/AndroidProcess,2.0
0,1.0,1.0,17.0,8.0,JazzyViewPager,2695,https://github.com/jfeinstein10/JazzyViewPager,2.0
0,9.5,1.5,79.5,5.0,CoordinatorBehaviorExample,2695,https://github.com/saulmm/CoordinatorBehaviorExample,15.5
44,3.0,2.0,20.0,5.0,react-native-share,2694,https://github.com/react-native-share/react-native-share,5.0
4,3.0,1.0,8.0,4.0,material-intro-screen,2694,https://github.com/TangoAgency/material-intro-screen,2.0
0,6.0,1.0,28.0,6.0,CircularFloatingActionMenu,2692,https://github.com/oguzbilgener/CircularFloatingActionMenu,5.0
3,4.0,1.0,21.5,5.0,AndroidTVLauncher,2690,https://github.com/JackyAndroid/AndroidTVLauncher,2.5
61,3.0,1.0,8.0,4.0,apollo-android,2687,https://github.com/apollographql/apollo-android,2.0
0,3.0,1.0,23.0,4.0,AndServer,2683,https://github.com/yanzhenjie/AndServer,6.0
5,3.0,1.0,13.0,7.0,SuperToasts,2682,https://github.com/JohnPersano/SuperToasts,3.0
0,2.0,1.0,5.0,2.0,LiveEventBus,2681,https://github.com/JeremyLiao/LiveEventBus,1.0
0,,,,5.0,CoreLink,2680,https://github.com/lizhangqu/CoreLink,
2,3.0,1.0,21.0,4.0,MusicDNA,2669,https://github.com/harjot-oberai/MusicDNA,5.0
0,3.0,1.0,30.0,6.0,Algorithms,2665,https://github.com/pedrovgs/Algorithms,7.0
0,4.0,1.0,14.0,3.0,Grav,2663,https://github.com/glomadrian/Grav,3.0
0,3.0,1.5,13.5,5.0,google-services,2662,https://github.com/googlesamples/google-services,2.0
172,4.0,1.0,27.0,6.0,maxwell,2661,https://github.com/zendesk/maxwell,5.0
7,2.0,1.0,7.0,6.0,SuperRecyclerView,2661,https://github.com/Malinskiy/SuperRecyclerView,1.0
0,3.0,1.0,44.0,3.0,CommonUtilLibrary,2659,https://github.com/AbrahamCaiJin/CommonUtilLibrary,8.0
4,4.0,2.0,31.0,7.0,KenBurnsView,2657,https://github.com/flavioarfaria/KenBurnsView,5.0
31,4.0,1.0,17.0,1.0,PowerJob,2654,https://github.com/PowerJob/PowerJob,3.0
0,4.0,1.0,20.0,8.0,weiciyuan,2652,https://github.com/qii/weiciyuan,3.0
33,2.0,1.0,14.0,6.0,android,2648,https://github.com/cSploit/android,3.0
3,4.0,1.0,22.5,9.0,ProgressWheel,2640,https://github.com/Todd-Davies/ProgressWheel,3.5
0,4.0,1.0,27.0,1.0,Linkage-RecyclerView,2638,https://github.com/KunMinX/Linkage-RecyclerView,3.0
9,5.0,1.0,12.0,2.0,Alink,2635,https://github.com/alibaba/Alink,2.0
6,2.0,1.0,13.0,9.0,sugar,2632,https://github.com/chennaione/sugar,3.0
0,3.0,1.0,12.0,0.0,androidx,2632,https://github.com/androidx/androidx,3.0
11,5.0,1.0,17.0,5.0,PagerBottomTabStrip,2632,https://github.com/tyzlmjj/PagerBottomTabStrip,3.0
0,4.0,1.0,18.5,8.0,android-menudrawer,2631,https://github.com/SimonVT/android-menudrawer,3.0
11,5.0,1.0,52.5,8.0,Bastillion,2630,https://github.com/bastillion-io/Bastillion,14.0
0,3.0,1.0,12.0,5.0,hover,2630,https://github.com/google/hover,2.5
0,3.0,1.0,17.0,4.0,awesome-android-complete-reference,2630,https://github.com/amitshekhariitbhu/awesome-android-complete-reference,4.0
16,3.0,1.0,8.5,5.0,AdapterDelegates,2629,https://github.com/sockeqwe/AdapterDelegates,2.0
5,2.5,1.0,21.0,7.0,pinned-section-listview,2627,https://github.com/beworker/pinned-section-listview,5.0
0,4.0,2.0,15.0,5.0,MasteringAndroidDataBinding,2624,https://github.com/liangfeidotme/MasteringAndroidDataBinding,2.0
21,3.0,1.0,23.0,6.0,weixin-java-tools,2624,https://github.com/chanjarster/weixin-java-tools,5.0
144,6.0,2.0,27.0,3.0,Recaf,2623,https://github.com/Col-E/Recaf,5.0
42,3.0,1.0,16.0,8.0,jacoco,2622,https://github.com/jacoco/jacoco,3.0
0,2.5,2.0,11.0,6.0,500px-android-blur,2622,https://github.com/500px/500px-android-blur,3.0
15,3.0,2.0,18.0,7.0,JCTools,2621,https://github.com/JCTools/JCTools,3.0
0,3.0,1.0,17.0,5.0,Android-Skin-Loader,2621,https://github.com/fengjundev/Android-Skin-Loader,3.0
0,3.0,1.0,14.0,4.0,PatternLockView,2617,https://github.com/aritraroy/PatternLockView,4.0
2,5.0,2.0,40.0,6.0,android-shape-imageview,2606,https://github.com/siyamed/android-shape-imageview,6.0
59,6.0,1.0,26.0,4.0,grakn,2605,https://github.com/graknlabs/grakn,6.0
23,2.0,1.0,18.0,3.0,openj9,2605,https://github.com/eclipse/openj9,4.0
0,5.0,2.0,20.0,10.0,GreenDroid,2604,https://github.com/cyrilmottier/GreenDroid,4.0
19,5.0,1.0,11.0,2.0,microservices-platform,2602,https://github.com/zlt2000/microservices-platform,2.0
30,5.0,1.0,14.0,6.0,storio,2601,https://github.com/pushtorefresh/storio,2.0
0,3.0,1.0,30.0,7.0,IDDD_Samples,2599,https://github.com/VaughnVernon/IDDD_Samples,6.0
0,3.0,1.0,21.5,4.0,QLExpress,2596,https://github.com/alibaba/QLExpress,4.0
1,2.5,1.0,31.0,4.0,android-ConstraintLayoutExamples,2594,https://github.com/googlearchive/android-ConstraintLayoutExamples,6.5
113,3.0,1.0,23.0,6.0,jpexs-decompiler,2593,https://github.com/jindrapetrik/jpexs-decompiler,5.0
17,8.0,1.0,49.0,5.0,ByteTCC,2593,https://github.com/liuyangming/ByteTCC,13.0
1,2.0,1.0,21.0,9.0,GraphView,2592,https://github.com/jjoe64/GraphView,5.0
0,6.0,1.0,16.0,4.0,spring-cloud-kubernetes,2591,https://github.com/spring-cloud/spring-cloud-kubernetes,3.0
13,3.0,1.0,24.5,5.0,sensey,2591,https://github.com/nisrulz/sensey,5.0
0,3.0,1.0,23.0,5.0,springmvc-mybatis-learning,2591,https://github.com/brianway/springmvc-mybatis-learning,7.0
54,11.0,1.0,53.0,3.0,java-tron,2586,https://github.com/tronprotocol/java-tron,7.0
22,3.0,1.0,11.0,4.0,BlurView,2581,https://github.com/Dimezis/BlurView,3.5
0,4.0,1.0,29.0,4.0,DiagonalLayout,2580,https://github.com/florent37/DiagonalLayout,8.0
0,3.0,1.0,11.0,4.0,RecyclerViewCardGallery,2580,https://github.com/huazhiyuan2008/RecyclerViewCardGallery,2.0
0,4.0,1.0,26.0,4.0,RealtimeBlurView,2578,https://github.com/mmin18/RealtimeBlurView,3.0
7,4.0,1.0,15.0,3.0,MaterialChipsInput,2575,https://github.com/pchmn/MaterialChipsInput,3.0
8,3.0,1.0,15.0,4.0,transferee,2573,https://github.com/Hitomis/transferee,4.0
0,1.0,1.0,15.0,6.0,dex-method-counts,2572,https://github.com/mihaip/dex-method-counts,1.0
5,5.0,1.0,37.0,6.0,Slidr,2570,https://github.com/r0adkll/Slidr,5.0
2,5.0,1.0,29.0,6.0,brigadier,2567,https://github.com/Mojang/brigadier,7.0
0,4.0,1.0,14.0,3.0,android-mvvm-architecture,2567,https://github.com/MindorksOpenSource/android-mvvm-architecture,3.0
1,3.0,1.0,13.0,10.0,OsmAnd,2567,https://github.com/osmandapp/OsmAnd,3.0
0,1.0,1.0,14.0,6.0,android_design_patterns_analysis,2566,https://github.com/simple-android-framework/android_design_patterns_analysis,4.0
0,8.0,2.0,70.0,4.0,LoadingView,2565,https://github.com/ldoublem/LoadingView,14.0
3,2.0,1.0,6.5,5.0,ViewAnimator,2564,https://github.com/florent37/ViewAnimator,1.0
0,4.0,1.0,22.0,6.0,nifi,2549,https://github.com/apache/nifi,4.0
0,1.0,1.0,9.0,8.0,spring-loaded,2548,https://github.com/spring-projects/spring-loaded,2.0
18,3.0,1.0,7.0,5.0,nice-spinner,2547,https://github.com/arcadefire/nice-spinner,2.0
14,3.0,1.0,12.5,5.0,MaterialShowcaseView,2546,https://github.com/deano2390/MaterialShowcaseView,4.0
31,3.0,1.0,19.0,7.0,jmonkeyengine,2546,https://github.com/jMonkeyEngine/jmonkeyengine,3.0
14,5.0,1.0,16.0,10.0,wildfly,2543,https://github.com/wildfly/wildfly,3.0
29,2.0,1.0,15.0,7.0,joda-time-android,2542,https://github.com/dlew/joda-time-android,4.0
0,6.0,1.0,8.0,5.0,spring-cloud-rest-tcc,2542,https://github.com/prontera/spring-cloud-rest-tcc,2.0
0,2.0,1.0,18.0,3.0,LifeHelper,2538,https://github.com/yangchong211/LifeHelper,4.0
0,4.0,1.0,12.0,5.0,MovieGuide,2535,https://github.com/esoxjem/MovieGuide,3.0
15,3.0,1.0,24.0,7.0,disunity,2535,https://github.com/ata4/disunity,5.0
1,4.0,1.0,14.0,11.0,Twitter4J,2534,https://github.com/Twitter4J/Twitter4J,3.0
0,3.0,1.0,13.0,4.0,AndroidFire,2533,https://github.com/jaydenxiao2016/AndroidFire,3.0
85,4.0,1.0,31.0,6.0,android-beacon-library,2530,https://github.com/AltBeacon/android-beacon-library,6.0
0,3.0,1.0,18.0,10.0,Android-Terminal-Emulator,2528,https://github.com/jackpal/Android-Terminal-Emulator,4.0
16,3.5,1.0,22.5,6.0,ViewPagerIndicator,2526,https://github.com/LuckyJayce/ViewPagerIndicator,4.0
0,3.0,1.0,13.5,5.0,overscroll-decor,2524,https://github.com/EverythingMe/overscroll-decor,3.0
2,3.0,1.0,35.0,6.0,device-year-class,2522,https://github.com/facebookarchive/device-year-class,4.0
